year,number_of_D0_crossings
1590.0,4
1591.0,4
1592.0,4
1593.0,4
1594.0,4
1595.0,4
1596.0,4
1597.0,4
1598.0,4
1599.0,4
1600.0,4
1601.0,4
1602.0,4
1603.0,4
1604.0,4
1605.0,4
1606.0,4
1607.0,4
1608.0,4
1609.0,4
1610.0,4
1611.0,4
1612.0,4
1613.0,4
1614.0,4
1615.0,4
1616.0,4
1617.0,4
1618.0,4
1619.0,4
1620.0,4
1621.0,4
1622.0,4
1623.0,4
1624.0,4
1625.0,4
1626.0,4
1627.0,4
1628.0,4
1629.0,4
1630.0,4
1631.0,4
1632.0,4
1633.0,4
1634.0,4
1635.0,4
1636.0,4
1637.0,4
1638.0,4
1639.0,4
1640.0,4
1641.0,4
1642.0,4
1643.0,4
1644.0,4
1645.0,4
1646.0,4
1647.0,4
1648.0,4
1649.0,4
1650.0,4
1651.0,4
1652.0,4
1653.0,4
1654.0,4
1655.0,4
1656.0,4
1657.0,4
1658.0,4
1659.0,4
1660.0,4
1661.0,4
1662.0,4
1663.0,4
1664.0,4
1665.0,4
1666.0,4
1667.0,4
1668.0,4
1669.0,4
1670.0,4
1671.0,4
1672.0,4
1673.0,4
1674.0,4
1675.0,4
1676.0,4
1677.0,4
1678.0,2
1679.0,2
1680.0,2
1681.0,2
1682.0,2
1683.0,2
1684.0,2
1685.0,2
1686.0,2
1687.0,2
1688.0,2
1689.0,2
1690.0,2
1691.0,2
1692.0,2
1693.0,2
1694.0,2
1695.0,2
1696.0,2
1697.0,2
1698.0,2
1699.0,2
1700.0,2
1701.0,2
1702.0,2
1703.0,2
1704.0,2
1705.0,2
1706.0,2
1707.0,2
1708.0,2
1709.0,2
1710.0,2
1711.0,2
1712.0,2
1713.0,2
1714.0,2
1715.0,2
1716.0,2
1717.0,2
1718.0,2
1719.0,2
1720.0,2
1721.0,2
1722.0,2
1723.0,2
1724.0,2
1725.0,2
1726.0,2
1727.0,2
1728.0,2
1729.0,2
1730.0,2
1731.0,2
1732.0,2
1733.0,2
1734.0,2
1735.0,2
1736.0,2
1737.0,2
1738.0,2
1739.0,2
1740.0,2
1741.0,2
1742.0,2
1743.0,2
1744.0,2
1745.0,2
1746.0,2
1747.0,2
1748.0,2
1749.0,2
1750.0,2
1751.0,2
1752.0,2
1753.0,2
1754.0,2
1755.0,2
1756.0,2
1757.0,2
1758.0,2
1759.0,4
1760.0,4
1761.0,4
1762.0,4
1763.0,4
1764.0,4
1765.0,4
1766.0,4
1767.0,4
1768.0,4
1769.0,4
1770.0,4
1771.0,4
1772.0,4
1773.0,4
1774.0,4
1775.0,4
1776.0,4
1777.0,4
1778.0,4
1779.0,4
1780.0,4
1781.0,4
1782.0,4
1783.0,4
1784.0,4
1785.0,4
1786.0,2
1787.0,2
1788.0,2
1789.0,2
1790.0,2
1791.0,2
1792.0,2
1793.0,2
1794.0,2
1795.0,2
1796.0,2
1797.0,2
1798.0,2
1799.0,2
1800.0,2
1801.0,2
1802.0,2
1803.0,2
1804.0,2
1805.0,2
1806.0,2
1807.0,2
1808.0,2
1809.0,2
1810.0,2
1811.0,2
1812.0,2
1813.0,2
1814.0,2
1815.0,2
1816.0,2
1817.0,2
1818.0,2
1819.0,2
1820.0,2
1821.0,2
1822.0,2
1823.0,2
1824.0,2
1825.0,2
1826.0,2
1827.0,2
1828.0,2
1829.0,2
1830.0,2
1831.0,2
1832.0,2
1833.0,2
1834.0,2
1835.0,2
1836.0,2
1837.0,2
1838.0,2
1839.0,2
1840.0,2
1841.0,2
1842.0,2
1843.0,2
1844.0,2
1845.0,2
1846.0,2
1847.0,2
1848.0,2
1849.0,2
1850.0,2
1851.0,2
1852.0,2
1853.0,2
1854.0,2
1855.0,2
1856.0,2
1857.0,2
1858.0,2
1859.0,2
1860.0,2
1861.0,2
1862.0,2
1863.0,2
1864.0,2
1865.0,2
1866.0,2
1867.0,2
1868.0,2
1869.0,4
1870.0,4
1871.0,4
1872.0,4
1873.0,4
1874.0,4
1875.0,4
1876.0,4
1877.0,4
1878.0,4
1879.0,4
1880.0,4
1881.0,4
1882.0,4
1883.0,4
1884.0,4
1885.0,4
1886.0,4
1887.0,4
1888.0,4
1889.0,4
1890.0,4
1891.0,4
1892.0,4
1893.0,4
1894.0,4
1895.0,4
1896.0,4
1897.0,4
1898.0,2
1899.0,2
1900.0,2
1901.0,2
1902.0,2
1903.0,2
1904.0,2
1905.0,2
1906.0,2
1907.0,2
1908.0,2
1909.0,4
1910.0,4
1911.0,4
1912.0,4
1913.0,4
1914.0,4
1915.0,6
1916.0,6
1917.0,6
1918.0,6
1919.0,6
1920.0,6
1921.0,6
1922.0,6
1923.0,6
1924.0,6
1925.0,6
1926.0,6
1927.0,6
1928.0,6
1929.0,6
1930.0,6
1931.0,6
1932.0,6
1933.0,6
1934.0,6
1935.0,6
1936.0,6
1937.0,6
1938.0,6
1939.0,6
1940.0,6
1941.0,6
1942.0,6
1943.0,6
1944.0,6
1945.0,6
1946.0,6
1947.0,6
1948.0,6
1949.0,6
1950.0,6
1951.0,6
1952.0,6
1953.0,6
1954.0,6
1955.0,6
1956.0,6
1957.0,6
1958.0,6
1959.0,6
1960.0,6
1961.0,6
1962.0,6
1963.0,6
1964.0,6
1965.0,6
1966.0,6
1967.0,4
1968.0,4
1969.0,4
1970.0,4
1971.0,4
1972.0,4
1973.0,4
1974.0,4
1975.0,4
1976.0,4
1977.0,4
1978.0,4
1979.0,4
1980.0,4
1981.0,4
1982.0,4
1983.0,4
1984.0,4
1985.0,4
1986.0,4
1987.0,4
1988.0,4
1989.0,4
1990.0,4
