date,UTC,sun_elevation_deg,sun_azimuth_deg,sun_declination_deg,direct,diffuse,total
20100101,00:00,74.86,16.62,-23.03,869.1,91.5,960.6
20100101,01:00,72.91,325.8,-23.02,992.3,79.3,1071.6
20100101,02:00,63.84,296.71,-23.02,967.8,80.9,1048.7
20100101,03:00,52.6,281.27,-23.02,926.1,80.4,1006.4
20100101,04:00,40.8,270.76,-23.01,695.9,73.2,769.1
20100101,05:00,28.96,262.1,-23.01,604.1,70.1,674.2
20100101,06:00,17.35,253.97,-23.01,507.3,65.8,573.1
20100101,07:00,6.21,245.64,-23.0,121.2,41.6,162.8
20100101,08:00,-4.19,236.55,-23.0,65.0,24.8,89.8
20100101,09:00,-13.47,226.21,-23.0,43.3,16.6,59.9
20100101,10:00,-21.15,214.19,-22.99,0.0,0.0,0.0
20100101,11:00,-26.61,200.32,-22.99,0.0,0.0,0.0
20100101,12:00,-29.22,184.97,-22.99,0.0,0.0,0.0
20100101,13:00,-28.62,169.21,-22.98,0.0,0.0,0.0
20100101,14:00,-24.9,154.32,-22.98,0.0,0.0,0.0
20100101,15:00,-18.54,141.12,-22.98,0.0,0.0,0.0
20100101,16:00,-10.2,129.76,-22.97,0.0,0.0,0.0
20100101,17:00,-0.46,119.93,-22.97,0.0,0.0,0.0
20100101,18:00,10.25,111.18,-22.97,0.5,14.0,14.5
20100101,19:00,21.59,102.98,-22.96,112.1,107.6,219.7
20100101,20:00,33.31,94.75,-22.96,181.5,135.8,317.3
20100101,21:00,45.17,85.58,-22.95,267.6,153.4,421.1
20100101,22:00,56.84,73.75,-22.95,657.6,172.1,829.7
20100101,23:00,67.57,54.72,-22.95,741.1,158.3,899.4
20100102,00:00,74.75,16.94,-22.94,734.7,196.5,931.2
20100102,01:00,72.89,326.26,-22.94,609.7,348.6,958.3
20100102,02:00,63.87,297.02,-22.94,600.4,336.7,937.0
20100102,03:00,52.65,281.49,-22.93,571.2,319.2,890.4
20100102,04:00,40.85,270.93,-22.93,665.0,97.6,762.6
20100102,05:00,29.01,262.24,-22.93,566.1,98.2,664.3
20100102,06:00,17.39,254.1,-22.92,448.2,104.4,552.7
20100102,07:00,6.24,245.77,-22.92,98.3,53.9,152.2
20100102,08:00,-4.17,236.69,-22.91,53.2,31.1,84.4
20100102,09:00,-13.47,226.36,-22.91,35.5,20.7,56.2
20100102,10:00,-21.18,214.34,-22.91,0.0,0.0,0.0
20100102,11:00,-26.66,200.46,-22.9,0.0,0.0,0.0
20100102,12:00,-29.3,185.11,-22.9,0.0,0.0,0.0
20100102,13:00,-28.72,169.32,-22.89,0.0,0.0,0.0
20100102,14:00,-25.02,154.39,-22.89,0.0,0.0,0.0
20100102,15:00,-18.68,141.16,-22.89,0.0,0.0,0.0
20100102,16:00,-10.34,129.78,-22.88,0.0,0.0,0.0
20100102,17:00,-0.6,119.93,-22.88,0.0,0.0,0.0
20100102,18:00,10.11,111.17,-22.88,12.8,8.0,20.8
20100102,19:00,21.45,102.97,-22.87,188.3,56.4,244.6
20100102,20:00,33.17,94.72,-22.87,284.6,66.2,350.8
20100102,21:00,45.03,85.55,-22.86,375.0,77.3,452.4
20100102,22:00,56.7,73.72,-22.86,606.9,179.7,786.5
20100102,23:00,67.43,54.76,-22.86,724.6,147.2,871.7
20100103,00:00,74.64,17.25,-22.85,801.3,126.1,927.4
20100103,01:00,72.86,326.73,-22.85,871.6,161.2,1032.8
20100103,02:00,63.89,297.33,-22.84,818.0,178.9,997.0
20100103,03:00,52.69,281.71,-22.84,747.8,193.6,941.4
20100103,04:00,40.89,271.11,-22.84,399.5,251.5,650.9
20100103,05:00,29.05,262.4,-22.83,323.7,221.2,544.9
20100103,06:00,17.43,254.25,-22.83,255.6,196.2,451.8
20100103,07:00,6.26,245.91,-22.82,39.1,77.2,116.4
20100103,08:00,-4.16,236.83,-22.82,20.7,43.9,64.5
20100103,09:00,-13.48,226.5,-22.82,13.8,29.2,43.0
20100103,10:00,-21.21,214.49,-22.81,0.0,0.0,0.0
20100103,11:00,-26.72,200.61,-22.81,0.0,0.0,0.0
20100103,12:00,-29.39,185.24,-22.8,0.0,0.0,0.0
20100103,13:00,-28.84,169.42,-22.8,0.0,0.0,0.0
20100103,14:00,-25.15,154.46,-22.8,0.0,0.0,0.0
20100103,15:00,-18.81,141.2,-22.79,0.0,0.0,0.0
20100103,16:00,-10.48,129.79,-22.79,0.0,0.0,0.0
20100103,17:00,-0.74,119.93,-22.78,0.0,0.0,0.0
20100103,18:00,9.97,111.16,-22.78,0.2,7.2,7.4
20100103,19:00,21.31,102.94,-22.77,2.3,54.8,57.1
20100103,20:00,33.03,94.68,-22.77,1.8,55.3,57.2
20100103,21:00,44.89,85.51,-22.77,10.1,76.4,86.5
20100103,22:00,56.56,73.68,-22.76,6.2,165.3,171.5
20100103,23:00,67.29,54.77,-22.76,26.8,190.4,217.2
20100104,00:00,74.51,17.54,-22.75,133.2,275.7,409.0
20100104,01:00,72.82,327.2,-22.75,366.7,482.6,849.3
20100104,02:00,63.91,297.66,-22.74,528.7,375.6,904.3
20100104,03:00,52.72,281.94,-22.74,601.2,307.1,908.4
20100104,04:00,40.93,271.3,-22.74,599.0,155.6,754.6
20100104,05:00,29.08,262.56,-22.73,507.1,150.1,657.1
20100104,06:00,17.46,254.4,-22.73,427.8,131.8,559.6
20100104,07:00,6.28,246.06,-22.72,109.5,52.4,161.9
20100104,08:00,-4.15,236.98,-22.72,59.4,30.3,89.7
20100104,09:00,-13.5,226.65,-22.71,39.6,20.2,59.8
20100104,10:00,-21.24,214.64,-22.71,0.0,0.0,0.0
20100104,11:00,-26.78,200.76,-22.71,0.0,0.0,0.0
20100104,12:00,-29.48,185.36,-22.7,0.0,0.0,0.0
20100104,13:00,-28.95,169.52,-22.7,0.0,0.0,0.0
20100104,14:00,-25.28,154.53,-22.69,0.0,0.0,0.0
20100104,15:00,-18.96,141.24,-22.69,0.0,0.0,0.0
20100104,16:00,-10.63,129.8,-22.68,0.0,0.0,0.0
20100104,17:00,-0.89,119.93,-22.68,0.0,0.0,0.0
20100104,18:00,9.82,111.13,-22.67,12.9,7.4,20.3
20100104,19:00,21.16,102.91,-22.67,201.7,49.1,250.8
20100104,20:00,32.89,94.64,-22.66,301.5,56.4,357.9
20100104,21:00,44.75,85.46,-22.66,399.9,62.3,462.1
20100104,22:00,56.42,73.63,-22.66,776.1,72.6,848.7
20100104,23:00,67.14,54.77,-22.65,841.1,74.0,915.0
20100105,00:00,74.38,17.81,-22.65,880.0,82.2,962.1
20100105,01:00,72.77,327.68,-22.64,905.8,155.2,1061.0
20100105,02:00,63.92,298.0,-22.64,869.0,166.5,1035.5
20100105,03:00,52.75,282.19,-22.63,808.7,175.8,984.5
20100105,04:00,40.97,271.49,-22.63,478.2,204.2,682.4
20100105,05:00,29.12,262.73,-22.62,393.7,188.8,582.5
20100105,06:00,17.48,254.55,-22.62,317.7,168.6,486.3
20100105,07:00,6.3,246.21,-22.61,85.1,58.9,144.0
20100105,08:00,-4.15,237.13,-22.61,46.5,33.7,80.2
20100105,09:00,-13.52,226.81,-22.6,31.0,22.5,53.5
20100105,10:00,-21.29,214.79,-22.6,0.0,0.0,0.0
20100105,11:00,-26.86,200.9,-22.6,0.0,0.0,0.0
20100105,12:00,-29.58,185.49,-22.59,0.0,0.0,0.0
20100105,13:00,-29.08,169.62,-22.59,0.0,0.0,0.0
20100105,14:00,-25.42,154.59,-22.58,0.0,0.0,0.0
20100105,15:00,-19.11,141.27,-22.58,0.0,0.0,0.0
20100105,16:00,-10.78,129.81,-22.57,0.0,0.0,0.0
20100105,17:00,-1.04,119.91,-22.57,0.0,0.0,0.0
20100105,18:00,9.67,111.11,-22.56,11.9,7.1,19.1
20100105,19:00,21.02,102.87,-22.56,194.7,48.8,243.5
20100105,20:00,32.74,94.59,-22.55,297.3,54.9,352.2
20100105,21:00,44.6,85.4,-22.55,393.7,62.8,456.5
20100105,22:00,56.27,73.57,-22.54,746.6,90.9,837.5
20100105,23:00,66.99,54.76,-22.54,802.0,100.1,902.1
20100106,00:00,74.25,18.06,-22.53,830.7,114.9,945.6
20100106,01:00,72.72,328.17,-22.53,982.4,86.8,1069.2
20100106,02:00,63.92,298.35,-22.52,962.0,85.8,1047.8
20100106,03:00,52.77,282.44,-22.52,914.4,91.8,1006.2
20100106,04:00,41.0,271.69,-22.51,672.0,99.1,771.1
20100106,05:00,29.14,262.9,-22.51,576.4,97.7,674.0
20100106,06:00,17.5,254.71,-22.5,473.3,96.1,569.4
20100106,07:00,6.31,246.37,-22.5,98.8,56.4,155.3
20100106,08:00,-4.16,237.29,-22.49,52.9,32.8,85.7
20100106,09:00,-13.54,226.96,-22.49,35.3,21.9,57.1
20100106,10:00,-21.34,214.95,-22.48,0.0,0.0,0.0
20100106,11:00,-26.94,201.05,-22.48,0.0,0.0,0.0
20100106,12:00,-29.69,185.62,-22.47,0.0,0.0,0.0
20100106,13:00,-29.21,169.71,-22.47,0.0,0.0,0.0
20100106,14:00,-25.57,154.65,-22.46,0.0,0.0,0.0
20100106,15:00,-19.26,141.29,-22.46,0.0,0.0,0.0
20100106,16:00,-10.94,129.81,-22.45,0.0,0.0,0.0
20100106,17:00,-1.2,119.89,-22.45,0.0,0.0,0.0
20100106,18:00,9.52,111.07,-22.44,11.0,7.1,18.1
20100106,19:00,20.87,102.82,-22.44,181.2,56.1,237.2
20100106,20:00,32.59,94.53,-22.43,269.0,70.4,339.4
20100106,21:00,44.45,85.32,-22.43,338.8,98.5,437.4
20100106,22:00,56.11,73.5,-22.42,664.0,148.2,812.2
20100106,23:00,66.83,54.72,-22.42,691.4,169.9,861.3
20100107,00:00,74.1,18.3,-22.41,715.7,188.1,903.8
20100107,01:00,72.66,328.65,-22.41,755.3,248.5,1003.8
20100107,02:00,63.92,298.71,-22.4,763.5,226.8,990.3
20100107,03:00,52.79,282.7,-22.4,775.0,187.9,962.9
20100107,04:00,41.02,271.9,-22.39,636.5,111.9,748.4
20100107,05:00,29.16,263.08,-22.39,515.3,126.7,642.0
20100107,06:00,17.51,254.88,-22.38,400.3,129.5,529.8
20100107,07:00,6.31,246.53,-22.37,35.8,78.6,114.4
20100107,08:00,-4.18,237.45,-22.37,18.5,44.3,62.8
20100107,09:00,-13.58,227.12,-22.36,12.3,29.5,41.9
20100107,10:00,-21.4,215.11,-22.36,0.0,0.0,0.0
20100107,11:00,-27.02,201.2,-22.35,0.0,0.0,0.0
20100107,12:00,-29.81,185.75,-22.35,0.0,0.0,0.0
20100107,13:00,-29.35,169.8,-22.34,0.0,0.0,0.0
20100107,14:00,-25.72,154.7,-22.34,0.0,0.0,0.0
20100107,15:00,-19.42,141.31,-22.33,0.0,0.0,0.0
20100107,16:00,-11.1,129.8,-22.33,0.0,0.0,0.0
20100107,17:00,-1.36,119.86,-22.32,0.0,0.0,0.0
20100107,18:00,9.36,111.03,-22.32,5.8,8.4,14.2
20100107,19:00,20.71,102.77,-22.31,119.3,79.9,199.2
20100107,20:00,32.44,94.46,-22.3,197.5,98.2,295.8
20100107,21:00,44.3,85.24,-22.3,283.8,116.6,400.4
20100107,22:00,55.96,73.41,-22.29,287.2,252.2,539.4
20100107,23:00,66.67,54.68,-22.29,172.2,266.1,438.4
20100108,00:00,73.95,18.52,-22.28,179.2,263.2,442.4
20100108,01:00,72.58,329.14,-22.28,605.3,294.0,899.3
20100108,02:00,63.9,299.08,-22.27,731.4,216.8,948.2
20100108,03:00,52.8,282.97,-22.27,726.3,204.9,931.2
20100108,04:00,41.04,272.11,-22.26,568.1,166.2,734.3
20100108,05:00,29.18,263.27,-22.25,525.6,131.3,657.0
20100108,06:00,17.52,255.05,-22.25,450.9,111.3,562.2
20100108,07:00,6.31,246.69,-22.24,27.2,88.0,115.1
20100108,08:00,-4.19,237.61,-22.24,14.2,49.9,64.1
20100108,09:00,-13.62,227.29,-22.23,9.5,33.3,42.8
20100108,10:00,-21.47,215.27,-22.23,0.0,0.0,0.0
20100108,11:00,-27.12,201.36,-22.22,0.0,0.0,0.0
20100108,12:00,-29.93,185.88,-22.22,0.0,0.0,0.0
20100108,13:00,-29.5,169.89,-22.21,0.0,0.0,0.0
20100108,14:00,-25.88,154.75,-22.2,0.0,0.0,0.0
20100108,15:00,-19.59,141.32,-22.2,0.0,0.0,0.0
20100108,16:00,-11.27,129.78,-22.19,0.0,0.0,0.0
20100108,17:00,-1.52,119.83,-22.19,0.0,0.0,0.0
20100108,18:00,9.2,110.98,-22.18,11.2,6.9,18.1
20100108,19:00,20.56,102.7,-22.18,193.2,50.6,243.8
20100108,20:00,32.29,94.39,-22.17,298.5,55.3,353.8
20100108,21:00,44.15,85.16,-22.16,401.2,59.1,460.2
20100108,22:00,55.8,73.31,-22.16,768.9,76.0,844.9
20100108,23:00,66.5,54.61,-22.15,785.9,113.2,899.1
20100109,00:00,73.79,18.73,-22.15,808.0,135.1,943.1
20100109,01:00,72.5,329.63,-22.14,902.0,158.6,1060.6
20100109,02:00,63.89,299.46,-22.13,920.3,128.5,1048.8
20100109,03:00,52.81,283.24,-22.13,901.8,110.7,1012.5
20100109,04:00,41.05,272.34,-22.12,713.7,71.4,785.1
20100109,05:00,29.19,263.46,-22.12,618.3,68.5,686.9
20100109,06:00,17.53,255.23,-22.11,518.0,64.6,582.6
20100109,07:00,6.3,246.86,-22.11,123.2,40.7,163.9
20100109,08:00,-4.22,237.78,-22.1,66.1,24.3,90.4
20100109,09:00,-13.66,227.45,-22.09,44.0,16.2,60.3
20100109,10:00,-21.54,215.44,-22.09,0.0,0.0,0.0
20100109,11:00,-27.22,201.51,-22.08,0.0,0.0,0.0
20100109,12:00,-30.06,186.0,-22.08,0.0,0.0,0.0
20100109,13:00,-29.65,169.98,-22.07,0.0,0.0,0.0
20100109,14:00,-26.05,154.79,-22.06,0.0,0.0,0.0
20100109,15:00,-19.76,141.33,-22.06,0.0,0.0,0.0
20100109,16:00,-11.44,129.76,-22.05,0.0,0.0,0.0
20100109,17:00,-1.68,119.79,-22.05,0.0,0.0,0.0
20100109,18:00,9.04,110.92,-22.04,4.4,9.6,14.0
20100109,19:00,20.4,102.63,-22.03,106.1,91.9,198.0
20100109,20:00,32.13,94.3,-22.03,173.9,117.6,291.5
20100109,21:00,43.99,85.06,-22.02,242.2,142.1,384.3
20100109,22:00,55.64,73.2,-22.02,656.6,133.7,790.3
20100109,23:00,66.33,54.54,-22.01,755.1,114.7,869.9
20100110,00:00,73.63,18.91,-22.0,808.3,113.2,921.5
20100110,01:00,72.41,330.12,-22.0,771.9,225.2,997.1
20100110,02:00,63.86,299.85,-21.99,698.8,257.0,955.8
20100110,03:00,52.81,283.53,-21.98,701.2,228.4,929.7
20100110,04:00,41.05,272.57,-21.98,679.4,80.4,759.8
20100110,05:00,29.19,263.66,-21.97,570.6,90.9,661.5
20100110,06:00,17.52,255.41,-21.97,459.3,95.1,554.4
20100110,07:00,6.28,247.03,-21.96,54.8,65.9,120.7
20100110,08:00,-4.25,237.95,-21.95,29.4,37.7,67.1
20100110,09:00,-13.72,227.63,-21.95,19.6,25.1,44.8
20100110,10:00,-21.62,215.6,-21.94,0.0,0.0,0.0
20100110,11:00,-27.33,201.66,-21.94,0.0,0.0,0.0
20100110,12:00,-30.2,186.13,-21.93,0.0,0.0,0.0
20100110,13:00,-29.81,170.06,-21.92,0.0,0.0,0.0
20100110,14:00,-26.22,154.83,-21.92,0.0,0.0,0.0
20100110,15:00,-19.93,141.33,-21.91,0.0,0.0,0.0
20100110,16:00,-11.61,129.74,-21.9,0.0,0.0,0.0
20100110,17:00,-1.85,119.74,-21.9,0.0,0.0,0.0
20100110,18:00,8.87,110.86,-21.89,0.0,1.7,1.7
20100110,19:00,20.24,102.56,-21.88,1.1,32.7,33.7
20100110,20:00,31.97,94.21,-21.88,39.5,99.7,139.2
20100110,21:00,43.83,84.95,-21.87,187.0,117.4,304.3
20100110,22:00,55.48,73.08,-21.87,693.8,134.3,828.1
20100110,23:00,66.16,54.44,-21.86,759.7,133.8,893.4
20100111,00:00,73.46,19.08,-21.85,825.2,121.6,946.8
20100111,01:00,72.32,330.61,-21.85,878.4,180.9,1059.3
20100111,02:00,63.83,300.24,-21.84,885.7,157.7,1043.4
20100111,03:00,52.8,283.82,-21.83,849.4,150.0,999.4
20100111,04:00,41.05,272.8,-21.83,683.5,90.0,773.5
20100111,05:00,29.19,263.86,-21.82,595.9,85.3,681.2
20100111,06:00,17.51,255.6,-21.81,494.5,83.3,577.8
20100111,07:00,6.26,247.21,-21.81,123.4,42.9,166.3
20100111,08:00,-4.29,238.12,-21.8,66.3,25.3,91.6
20100111,09:00,-13.78,227.8,-21.79,44.2,16.9,61.1
20100111,10:00,-21.71,215.77,-21.79,0.0,0.0,0.0
20100111,11:00,-27.45,201.81,-21.78,0.0,0.0,0.0
20100111,12:00,-30.34,186.25,-21.77,0.0,0.0,0.0
20100111,13:00,-29.97,170.14,-21.77,0.0,0.0,0.0
20100111,14:00,-26.4,154.86,-21.76,0.0,0.0,0.0
20100111,15:00,-20.11,141.32,-21.76,0.0,0.0,0.0
20100111,16:00,-11.79,129.7,-21.75,0.0,0.0,0.0
20100111,17:00,-2.03,119.69,-21.74,0.0,0.0,0.0
20100111,18:00,8.71,110.79,-21.74,8.1,6.8,14.9
20100111,19:00,20.07,102.47,-21.73,162.2,59.7,221.9
20100111,20:00,31.81,94.11,-21.72,262.0,67.8,329.8
20100111,21:00,43.67,84.83,-21.72,361.4,73.7,435.1
20100111,22:00,55.31,72.95,-21.71,680.4,117.1,797.4
20100111,23:00,65.98,54.34,-21.7,682.5,158.9,841.4
20100112,00:00,73.28,19.24,-21.7,730.5,163.8,894.3
20100112,01:00,72.21,331.1,-21.69,983.7,85.5,1069.1
20100112,02:00,63.79,300.65,-21.68,926.2,96.7,1022.9
20100112,03:00,52.79,284.13,-21.68,893.0,95.2,988.2
20100112,04:00,41.05,273.04,-21.67,590.0,140.9,730.9
20100112,05:00,29.19,264.07,-21.66,501.4,138.1,639.5
20100112,06:00,17.5,255.79,-21.65,402.2,133.2,535.4
20100112,07:00,6.23,247.4,-21.65,39.6,63.5,103.1
20100112,08:00,-4.33,238.3,-21.64,20.5,35.2,55.7
20100112,09:00,-13.84,227.98,-21.63,13.6,23.5,37.1
20100112,10:00,-21.8,215.94,-21.63,0.0,0.0,0.0
20100112,11:00,-27.57,201.97,-21.62,0.0,0.0,0.0
20100112,12:00,-30.5,186.37,-21.61,0.0,0.0,0.0
20100112,13:00,-30.15,170.22,-21.61,0.0,0.0,0.0
20100112,14:00,-26.58,154.89,-21.6,0.0,0.0,0.0
20100112,15:00,-20.3,141.31,-21.59,0.0,0.0,0.0
20100112,16:00,-11.97,129.67,-21.59,0.0,0.0,0.0
20100112,17:00,-2.2,119.63,-21.58,0.0,0.0,0.0
20100112,18:00,8.54,110.72,-21.57,2.4,5.9,8.3
20100112,19:00,19.91,102.38,-21.57,64.3,80.6,144.9
20100112,20:00,31.65,94.0,-21.56,120.1,109.6,229.7
20100112,21:00,43.51,84.7,-21.55,188.6,138.5,327.1
20100112,22:00,55.15,72.8,-21.54,401.4,269.1,670.5
20100112,23:00,65.8,54.22,-21.54,496.6,256.8,753.4
20100113,00:00,73.1,19.37,-21.53,577.7,243.5,821.2
20100113,01:00,72.1,331.59,-21.52,873.5,123.6,997.0
20100113,02:00,63.74,301.06,-21.52,826.3,146.7,973.0
20100113,03:00,52.77,284.43,-21.51,699.6,177.8,877.4
20100113,04:00,41.04,273.29,-21.5,224.1,275.7,499.8
20100113,05:00,29.17,264.29,-21.5,173.9,251.7,425.6
20100113,06:00,17.48,255.99,-21.49,150.2,219.0,369.2
20100113,07:00,6.2,247.58,-21.48,15.7,79.9,95.6
20100113,08:00,-4.39,238.48,-21.47,8.1,44.1,52.2
20100113,09:00,-13.92,228.16,-21.47,5.4,29.4,34.8
20100113,10:00,-21.9,216.12,-21.46,0.0,0.0,0.0
20100113,11:00,-27.7,202.12,-21.45,0.0,0.0,0.0
20100113,12:00,-30.65,186.49,-21.45,0.0,0.0,0.0
20100113,13:00,-30.33,170.29,-21.44,0.0,0.0,0.0
20100113,14:00,-26.77,154.91,-21.43,0.0,0.0,0.0
20100113,15:00,-20.49,141.3,-21.42,0.0,0.0,0.0
20100113,16:00,-12.15,129.62,-21.42,0.0,0.0,0.0
20100113,17:00,-2.38,119.56,-21.41,0.0,0.0,0.0
20100113,18:00,8.36,110.63,-21.4,9.1,5.6,14.7
20100113,19:00,19.74,102.28,-21.4,182.1,45.8,227.8
20100113,20:00,31.48,93.89,-21.39,284.5,52.1,336.5
20100113,21:00,43.34,84.57,-21.38,385.3,56.9,442.2
20100113,22:00,54.97,72.65,-21.37,762.3,70.7,833.0
20100113,23:00,65.62,54.09,-21.37,829.1,72.2,901.3
20100114,00:00,72.91,19.49,-21.36,878.0,73.3,951.4
20100114,01:00,71.98,332.07,-21.35,995.4,76.6,1072.0
20100114,02:00,63.69,301.48,-21.34,974.9,76.5,1051.4
20100114,03:00,52.74,284.75,-21.34,934.6,75.8,1010.4
20100114,04:00,41.02,273.55,-21.33,688.2,81.7,769.9
20100114,05:00,29.15,264.51,-21.32,573.7,94.1,667.9
20100114,06:00,17.45,256.19,-21.32,471.6,92.4,564.0
20100114,07:00,6.16,247.77,-21.31,104.7,49.5,154.2
20100114,08:00,-4.44,238.67,-21.3,56.2,28.8,84.9
20100114,09:00,-14.0,228.34,-21.29,37.4,19.2,56.6
20100114,10:00,-22.01,216.29,-21.29,0.0,0.0,0.0
20100114,11:00,-27.84,202.28,-21.28,0.0,0.0,0.0
20100114,12:00,-30.82,186.61,-21.27,0.0,0.0,0.0
20100114,13:00,-30.51,170.36,-21.26,0.0,0.0,0.0
20100114,14:00,-26.96,154.93,-21.26,0.0,0.0,0.0
20100114,15:00,-20.68,141.28,-21.25,0.0,0.0,0.0
20100114,16:00,-12.34,129.57,-21.24,0.0,0.0,0.0
20100114,17:00,-2.56,119.49,-21.23,0.0,0.0,0.0
20100114,18:00,8.19,110.54,-21.23,6.1,6.4,12.4
20100114,19:00,19.57,102.18,-21.22,136.4,65.4,201.8
20100114,20:00,31.32,93.77,-21.21,233.6,74.0,307.7
20100114,21:00,43.18,84.43,-21.2,318.4,88.2,406.6
20100114,22:00,54.8,72.49,-21.2,469.5,236.4,705.9
20100114,23:00,65.43,53.94,-21.19,432.9,292.8,725.7
20100115,00:00,72.72,19.59,-21.18,416.2,324.4,740.6
20100115,01:00,71.84,332.55,-21.17,229.1,428.8,657.8
20100115,02:00,63.62,301.9,-21.17,242.5,415.3,657.8
20100115,03:00,52.71,285.07,-21.16,269.9,379.5,649.5
20100115,04:00,41.0,273.81,-21.15,153.2,279.3,432.5
20100115,05:00,29.13,264.73,-21.14,96.3,224.2,320.5
20100115,06:00,17.42,256.39,-21.14,64.4,168.6,233.0
20100115,07:00,6.12,247.97,-21.13,1.8,29.8,31.7
20100115,08:00,-4.51,238.86,-21.12,0.9,16.2,17.2
20100115,09:00,-14.08,228.52,-21.11,0.6,10.8,11.4
20100115,10:00,-22.12,216.47,-21.1,0.0,0.0,0.0
20100115,11:00,-27.98,202.43,-21.1,0.0,0.0,0.0
20100115,12:00,-30.99,186.73,-21.09,0.0,0.0,0.0
20100115,13:00,-30.7,170.42,-21.08,0.0,0.0,0.0
20100115,14:00,-27.16,154.95,-21.07,0.0,0.0,0.0
20100115,15:00,-20.88,141.25,-21.07,0.0,0.0,0.0
20100115,16:00,-12.54,129.51,-21.06,0.0,0.0,0.0
20100115,17:00,-2.75,119.41,-21.05,0.0,0.0,0.0
20100115,18:00,8.01,110.45,-21.04,6.6,5.7,12.3
20100115,19:00,19.4,102.06,-21.03,126.7,67.9,194.6
20100115,20:00,31.15,93.63,-21.03,208.0,86.9,294.9
20100115,21:00,43.01,84.27,-21.02,279.6,112.4,392.0
20100115,22:00,54.63,72.31,-21.01,269.9,272.0,541.9
20100115,23:00,65.24,53.78,-21.0,165.1,299.9,465.0
20100116,00:00,72.51,19.68,-21.0,111.3,266.9,378.3
20100116,01:00,71.71,333.02,-20.99,59.2,337.2,396.3
20100116,02:00,63.55,302.33,-20.98,37.9,334.3,372.2
20100116,03:00,52.67,285.4,-20.97,88.6,320.6,409.2
20100116,04:00,40.97,274.08,-20.96,109.2,219.3,328.5
20100116,05:00,29.1,264.96,-20.96,71.5,179.6,251.1
20100116,06:00,17.38,256.6,-20.95,51.0,146.8,197.8
20100116,07:00,6.07,248.17,-20.94,9.6,31.2,40.8
20100116,08:00,-4.57,239.05,-20.93,4.9,17.2,22.1
20100116,09:00,-14.18,228.71,-20.92,3.3,11.5,14.7
20100116,10:00,-22.24,216.65,-20.92,0.0,0.0,0.0
20100116,11:00,-28.14,202.59,-20.91,0.0,0.0,0.0
20100116,12:00,-31.17,186.84,-20.9,0.0,0.0,0.0
20100116,13:00,-30.9,170.49,-20.89,0.0,0.0,0.0
20100116,14:00,-27.37,154.95,-20.88,0.0,0.0,0.0
20100116,15:00,-21.08,141.21,-20.88,0.0,0.0,0.0
20100116,16:00,-12.73,129.44,-20.87,0.0,0.0,0.0
20100116,17:00,-2.93,119.32,-20.86,0.0,0.0,0.0
20100116,18:00,7.83,110.34,-20.85,0.1,1.1,1.2
20100116,19:00,19.23,101.94,-20.84,4.2,35.9,40.1
20100116,20:00,30.98,93.5,-20.84,5.7,57.3,63.0
20100116,21:00,42.84,84.11,-20.83,11.3,84.5,95.8
20100116,22:00,54.45,72.13,-20.82,42.2,243.1,285.4
20100116,23:00,65.05,53.61,-20.81,81.3,279.2,360.5
20100117,00:00,72.31,19.75,-20.8,111.3,288.0,399.3
20100117,01:00,71.56,333.48,-20.8,95.8,347.0,442.8
20100117,02:00,63.47,302.76,-20.79,161.1,324.2,485.3
20100117,03:00,52.62,285.74,-20.78,159.3,300.3,459.6
20100117,04:00,40.93,274.35,-20.77,117.0,236.2,353.2
20100117,05:00,29.06,265.2,-20.76,98.2,206.6,304.8
20100117,06:00,17.34,256.82,-20.76,78.7,171.1,249.8
20100117,07:00,6.01,248.37,-20.75,13.0,34.7,47.8
20100117,08:00,-4.65,239.25,-20.74,6.8,19.1,25.9
20100117,09:00,-14.28,228.9,-20.73,4.5,12.7,17.3
20100117,10:00,-22.37,216.83,-20.72,0.0,0.0,0.0
20100117,11:00,-28.29,202.75,-20.71,0.0,0.0,0.0
20100117,12:00,-31.36,186.96,-20.71,0.0,0.0,0.0
20100117,13:00,-31.11,170.55,-20.7,0.0,0.0,0.0
20100117,14:00,-27.58,154.96,-20.69,0.0,0.0,0.0
20100117,15:00,-21.29,141.17,-20.68,0.0,0.0,0.0
20100117,16:00,-12.93,129.37,-20.67,0.0,0.0,0.0
20100117,17:00,-3.12,119.23,-20.66,0.0,0.0,0.0
20100117,18:00,7.65,110.23,-20.66,0.2,2.5,2.6
20100117,19:00,19.05,101.82,-20.65,4.7,40.3,45.0
20100117,20:00,30.81,93.35,-20.64,6.6,54.1,60.7
20100117,21:00,42.67,83.94,-20.63,5.2,61.6,66.9
20100117,22:00,54.27,71.93,-20.62,11.1,82.3,93.4
20100117,23:00,64.85,53.42,-20.61,7.7,97.0,104.7
20100118,00:00,72.1,19.81,-20.61,6.0,105.4,111.4
20100118,01:00,71.4,333.94,-20.6,6.5,144.9,151.5
20100118,02:00,63.39,303.2,-20.59,5.3,129.1,134.5
20100118,03:00,52.57,286.08,-20.58,5.8,129.1,134.8
20100118,04:00,40.89,274.63,-20.57,3.4,67.8,71.3
20100118,05:00,29.02,265.44,-20.56,13.7,81.0,94.7
20100118,06:00,17.29,257.03,-20.56,22.5,82.3,104.7
20100118,07:00,5.94,248.58,-20.55,30.1,52.5,82.7
20100118,08:00,-4.73,239.45,-20.54,16.4,29.9,46.2
20100118,09:00,-14.38,229.09,-20.53,10.9,19.9,30.8
20100118,10:00,-22.51,217.01,-20.52,0.0,0.0,0.0
20100118,11:00,-28.46,202.9,-20.51,0.0,0.0,0.0
20100118,12:00,-31.55,187.07,-20.5,0.0,0.0,0.0
20100118,13:00,-31.32,170.6,-20.5,0.0,0.0,0.0
20100118,14:00,-27.8,154.96,-20.49,0.0,0.0,0.0
20100118,15:00,-21.5,141.13,-20.48,0.0,0.0,0.0
20100118,16:00,-13.13,129.3,-20.47,0.0,0.0,0.0
20100118,17:00,-3.32,119.13,-20.46,0.0,0.0,0.0
20100118,18:00,7.47,110.12,-20.45,1.8,4.9,6.7
20100118,19:00,18.88,101.68,-20.44,70.6,72.1,142.7
20100118,20:00,30.64,93.2,-20.44,137.2,97.1,234.3
20100118,21:00,42.49,83.76,-20.43,207.6,121.9,329.5
20100118,22:00,54.09,71.73,-20.42,588.9,167.1,756.0
20100118,23:00,64.65,53.22,-20.41,681.3,152.7,834.0
20100119,00:00,71.88,19.85,-20.4,709.1,171.3,880.4
20100119,01:00,71.24,334.39,-20.39,746.1,229.8,975.9
20100119,02:00,63.3,303.64,-20.38,694.8,253.0,947.9
20100119,03:00,52.51,286.42,-20.37,687.7,231.8,919.5
20100119,04:00,40.84,274.91,-20.37,579.4,147.8,727.2
20100119,05:00,28.97,265.68,-20.36,492.7,138.0,630.7
20100119,06:00,17.23,257.26,-20.35,412.2,121.5,533.7
20100119,07:00,5.88,248.78,-20.34,101.2,46.8,148.0
20100119,08:00,-4.82,239.65,-20.33,53.9,26.9,80.7
20100119,09:00,-14.49,229.29,-20.32,35.9,17.9,53.8
20100119,10:00,-22.65,217.19,-20.31,0.0,0.0,0.0
20100119,11:00,-28.63,203.06,-20.3,0.0,0.0,0.0
20100119,12:00,-31.75,187.18,-20.3,0.0,0.0,0.0
20100119,13:00,-31.53,170.65,-20.29,0.0,0.0,0.0
20100119,14:00,-28.02,154.95,-20.28,0.0,0.0,0.0
20100119,15:00,-21.72,141.07,-20.27,0.0,0.0,0.0
20100119,16:00,-13.34,129.21,-20.26,0.0,0.0,0.0
20100119,17:00,-3.51,119.03,-20.25,0.0,0.0,0.0
20100119,18:00,7.28,109.99,-20.24,1.5,4.7,6.2
20100119,19:00,18.7,101.54,-20.23,27.0,68.9,95.9
20100119,20:00,30.46,93.04,-20.23,65.6,103.5,169.1
20100119,21:00,42.32,83.58,-20.22,132.1,137.1,269.2
20100119,22:00,53.9,71.51,-20.21,458.3,227.8,686.1
20100119,23:00,64.44,53.02,-20.2,523.3,247.7,771.1
20100120,00:00,71.66,19.87,-20.19,594.4,242.8,837.1
20100120,01:00,71.07,334.84,-20.18,623.7,260.4,884.1
20100120,02:00,63.2,304.08,-20.17,588.6,254.5,843.0
20100120,03:00,52.44,286.77,-20.16,558.7,236.1,794.8
20100120,04:00,40.78,275.19,-20.15,415.1,194.6,609.6
20100120,05:00,28.92,265.93,-20.14,304.9,195.4,500.3
20100120,06:00,17.17,257.48,-20.14,218.5,187.0,405.5
20100120,07:00,5.8,249.0,-20.13,0.6,70.9,71.5
20100120,08:00,-4.92,239.85,-20.12,0.3,38.5,38.8
20100120,09:00,-14.61,229.49,-20.11,0.2,25.7,25.9
20100120,10:00,-22.8,217.37,-20.1,0.0,0.0,0.0
20100120,11:00,-28.81,203.22,-20.09,0.0,0.0,0.0
20100120,12:00,-31.96,187.29,-20.08,0.0,0.0,0.0
20100120,13:00,-31.76,170.7,-20.07,0.0,0.0,0.0
20100120,14:00,-28.24,154.94,-20.06,0.0,0.0,0.0
20100120,15:00,-21.94,141.01,-20.05,0.0,0.0,0.0
20100120,16:00,-13.55,129.12,-20.05,0.0,0.0,0.0
20100120,17:00,-3.71,118.91,-20.04,0.0,0.0,0.0
20100120,18:00,7.1,109.86,-20.03,0.0,1.0,1.0
20100120,19:00,18.52,101.39,-20.02,0.3,19.9,20.2
20100120,20:00,30.29,92.87,-20.01,0.2,32.3,32.5
20100120,21:00,42.14,83.38,-20.0,0.6,39.9,40.5
20100120,22:00,53.72,71.29,-19.99,1.3,62.6,63.9
20100120,23:00,64.24,52.8,-19.98,1.4,101.9,103.3
20100121,00:00,71.43,19.89,-19.97,19.2,179.8,199.0
20100121,01:00,70.89,335.27,-19.96,197.6,464.3,662.0
20100121,02:00,63.09,304.53,-19.95,295.0,433.1,728.2
20100121,03:00,52.37,287.13,-19.94,316.6,399.1,715.8
20100121,04:00,40.72,275.49,-19.94,303.4,256.7,560.1
20100121,05:00,28.85,266.18,-19.93,298.0,215.3,513.2
20100121,06:00,17.1,257.71,-19.92,242.5,187.7,430.2
20100121,07:00,5.72,249.21,-19.91,61.6,55.6,117.2
20100121,08:00,-5.02,240.06,-19.9,33.4,31.3,64.7
20100121,09:00,-14.74,229.69,-19.89,22.3,20.9,43.2
20100121,10:00,-22.95,217.56,-19.88,0.0,0.0,0.0
20100121,11:00,-29.0,203.37,-19.87,0.0,0.0,0.0
20100121,12:00,-32.17,187.4,-19.86,0.0,0.0,0.0
20100121,13:00,-31.98,170.74,-19.85,0.0,0.0,0.0
20100121,14:00,-28.47,154.92,-19.84,0.0,0.0,0.0
20100121,15:00,-22.16,140.95,-19.83,0.0,0.0,0.0
20100121,16:00,-13.76,129.02,-19.82,0.0,0.0,0.0
20100121,17:00,-3.91,118.79,-19.81,0.0,0.0,0.0
20100121,18:00,6.91,109.73,-19.8,2.2,4.4,6.6
20100121,19:00,18.34,101.24,-19.8,53.5,61.2,114.7
20100121,20:00,30.11,92.69,-19.79,122.8,86.7,209.4
20100121,21:00,41.96,83.18,-19.78,203.5,110.1,313.6
20100121,22:00,53.53,71.06,-19.77,457.4,206.3,663.8
20100121,23:00,64.02,52.57,-19.76,455.1,245.6,700.8
20100122,00:00,71.19,19.88,-19.75,478.2,259.3,737.5
20100122,01:00,70.7,335.7,-19.74,551.4,254.8,806.2
20100122,02:00,62.97,304.97,-19.73,571.0,268.9,839.9
20100122,03:00,52.29,287.49,-19.72,569.2,261.0,830.2
20100122,04:00,40.65,275.78,-19.71,529.4,179.6,709.0
20100122,05:00,28.79,266.44,-19.7,455.9,165.4,621.3
20100122,06:00,17.03,257.94,-19.69,384.7,142.7,527.4
20100122,07:00,5.63,249.43,-19.68,95.9,50.4,146.3
20100122,08:00,-5.12,240.27,-19.67,50.6,28.5,79.1
20100122,09:00,-14.87,229.89,-19.66,33.7,19.0,52.7
20100122,10:00,-23.11,217.75,-19.65,0.0,0.0,0.0
20100122,11:00,-29.19,203.53,-19.64,0.0,0.0,0.0
20100122,12:00,-32.39,187.5,-19.63,0.0,0.0,0.0
20100122,13:00,-32.22,170.78,-19.62,0.0,0.0,0.0
20100122,14:00,-28.71,154.89,-19.61,0.0,0.0,0.0
20100122,15:00,-22.39,140.88,-19.61,0.0,0.0,0.0
20100122,16:00,-13.97,128.92,-19.6,0.0,0.0,0.0
20100122,17:00,-4.11,118.67,-19.59,0.0,0.0,0.0
20100122,18:00,6.72,109.58,-19.58,0.8,5.7,6.5
20100122,19:00,18.16,101.08,-19.57,85.0,72.8,157.8
20100122,20:00,29.94,92.51,-19.56,101.6,111.5,213.1
20100122,21:00,41.79,82.97,-19.55,79.8,143.0,222.8
20100122,22:00,53.34,70.82,-19.54,67.0,233.6,300.6
20100122,23:00,63.81,52.32,-19.53,50.1,282.7,332.8
20100123,00:00,70.96,19.87,-19.52,58.2,316.5,374.7
20100123,01:00,70.51,336.12,-19.51,214.7,462.9,677.5
20100123,02:00,62.85,305.42,-19.5,286.5,441.2,727.7
20100123,03:00,52.2,287.85,-19.49,362.3,380.6,742.9
20100123,04:00,40.58,276.08,-19.48,516.9,154.1,671.1
20100123,05:00,28.71,266.7,-19.47,463.0,134.7,597.7
20100123,06:00,16.95,258.18,-19.46,396.1,115.4,511.5
20100123,07:00,5.54,249.65,-19.45,106.2,40.3,146.5
20100123,08:00,-5.24,240.48,-19.44,55.9,23.2,79.0
20100123,09:00,-15.01,230.09,-19.43,37.2,15.4,52.7
20100123,10:00,-23.28,217.93,-19.42,0.0,0.0,0.0
20100123,11:00,-29.39,203.69,-19.41,0.0,0.0,0.0
20100123,12:00,-32.61,187.61,-19.4,0.0,0.0,0.0
20100123,13:00,-32.46,170.82,-19.39,0.0,0.0,0.0
20100123,14:00,-28.95,154.86,-19.38,0.0,0.0,0.0
20100123,15:00,-22.62,140.8,-19.37,0.0,0.0,0.0
20100123,16:00,-14.19,128.81,-19.36,0.0,0.0,0.0
20100123,17:00,-4.31,118.54,-19.35,0.0,0.0,0.0
20100123,18:00,6.53,109.43,-19.34,3.6,3.9,7.5
20100123,19:00,17.98,100.91,-19.33,126.6,51.2,177.9
20100123,20:00,29.76,92.32,-19.32,201.5,75.8,277.3
20100123,21:00,41.61,82.75,-19.31,270.8,101.6,372.4
20100123,22:00,53.15,70.57,-19.3,583.8,169.2,753.0
20100123,23:00,63.59,52.07,-19.29,656.0,166.6,822.6
20100124,00:00,70.71,19.84,-19.28,696.9,175.3,872.1
20100124,01:00,70.31,336.52,-19.27,915.3,107.2,1022.6
20100124,02:00,62.71,305.87,-19.26,894.5,110.8,1005.3
20100124,03:00,52.1,288.22,-19.25,870.0,100.1,970.0
20100124,04:00,40.5,276.38,-19.24,686.1,69.0,755.1
20100124,05:00,28.63,266.96,-19.23,592.6,69.2,661.9
20100124,06:00,16.86,258.42,-19.22,495.6,65.3,560.9
20100124,07:00,5.44,249.88,-19.21,109.7,39.2,148.9
20100124,08:00,-5.35,240.7,-19.2,57.7,22.5,80.2
20100124,09:00,-15.15,230.3,-19.19,38.4,15.0,53.4
20100124,10:00,-23.45,218.12,-19.18,0.0,0.0,0.0
20100124,11:00,-29.59,203.84,-19.17,0.0,0.0,0.0
20100124,12:00,-32.84,187.71,-19.16,0.0,0.0,0.0
20100124,13:00,-32.7,170.85,-19.15,0.0,0.0,0.0
20100124,14:00,-29.19,154.83,-19.14,0.0,0.0,0.0
20100124,15:00,-22.85,140.71,-19.13,0.0,0.0,0.0
20100124,16:00,-14.41,128.69,-19.12,0.0,0.0,0.0
20100124,17:00,-4.52,118.4,-19.11,0.0,0.0,0.0
20100124,18:00,6.33,109.28,-19.1,3.9,3.5,7.5
20100124,19:00,17.79,100.74,-19.09,103.1,56.7,159.8
20100124,20:00,29.58,92.12,-19.08,150.4,89.8,240.1
20100124,21:00,41.42,82.53,-19.07,205.4,119.7,325.1
20100124,22:00,52.96,70.31,-19.06,455.2,204.0,659.3
20100124,23:00,63.38,51.81,-19.05,546.6,196.0,742.6
20100125,00:00,70.46,19.8,-19.04,580.0,208.2,788.2
20100125,01:00,70.1,336.92,-19.03,614.6,251.4,866.0
20100125,02:00,62.57,306.32,-19.02,609.1,238.9,848.0
20100125,03:00,52.0,288.59,-19.01,557.7,240.0,797.7
20100125,04:00,40.41,276.69,-19.0,409.9,194.5,604.4
20100125,05:00,28.55,267.23,-18.99,362.2,176.2,538.5
20100125,06:00,16.77,258.66,-18.98,276.0,166.0,442.0
20100125,07:00,5.33,250.11,-18.97,20.2,69.9,90.1
20100125,08:00,-5.48,240.92,-18.96,10.5,37.7,48.2
20100125,09:00,-15.3,230.5,-18.95,7.0,25.2,32.2
20100125,10:00,-23.63,218.31,-18.94,0.0,0.0,0.0
20100125,11:00,-29.8,204.0,-18.93,0.0,0.0,0.0
20100125,12:00,-33.08,187.81,-18.92,0.0,0.0,0.0
20100125,13:00,-32.95,170.87,-18.91,0.0,0.0,0.0
20100125,14:00,-29.44,154.79,-18.9,0.0,0.0,0.0
20100125,15:00,-23.09,140.62,-18.89,0.0,0.0,0.0
20100125,16:00,-14.63,128.57,-18.88,0.0,0.0,0.0
20100125,17:00,-4.72,118.25,-18.87,0.0,0.0,0.0
20100125,18:00,6.14,109.12,-18.85,1.6,2.9,4.5
20100125,19:00,17.61,100.56,-18.84,36.5,58.2,94.7
20100125,20:00,29.4,91.92,-18.83,62.9,91.8,154.7
20100125,21:00,41.24,82.3,-18.82,51.9,136.8,188.7
20100125,22:00,52.76,70.04,-18.81,192.9,304.2,497.2
20100125,23:00,63.15,51.54,-18.8,244.9,324.0,568.9
20100126,00:00,70.21,19.74,-18.79,260.4,328.2,588.5
20100126,01:00,69.88,337.3,-18.78,463.1,356.3,819.4
20100126,02:00,62.43,306.77,-18.77,443.4,371.0,814.4
20100126,03:00,51.89,288.96,-18.76,438.8,354.0,792.8
20100126,04:00,40.32,277.0,-18.75,346.2,270.0,616.2
20100126,05:00,28.46,267.5,-18.74,336.4,219.5,555.9
20100126,06:00,16.67,258.91,-18.73,278.3,189.7,468.0
20100126,07:00,5.22,250.34,-18.72,7.7,72.9,80.6
20100126,08:00,-5.61,241.14,-18.71,3.9,39.8,43.7
20100126,09:00,-15.46,230.71,-18.7,2.6,26.6,29.2
20100126,10:00,-23.82,218.51,-18.69,0.0,0.0,0.0
20100126,11:00,-30.02,204.16,-18.68,0.0,0.0,0.0
20100126,12:00,-33.32,187.9,-18.67,0.0,0.0,0.0
20100126,13:00,-33.21,170.9,-18.66,0.0,0.0,0.0
20100126,14:00,-29.7,154.74,-18.65,0.0,0.0,0.0
20100126,15:00,-23.33,140.53,-18.63,0.0,0.0,0.0
20100126,16:00,-14.86,128.44,-18.62,0.0,0.0,0.0
20100126,17:00,-4.93,118.1,-18.61,0.0,0.0,0.0
20100126,18:00,5.95,108.95,-18.6,0.3,2.8,3.1
20100126,19:00,17.42,100.37,-18.59,39.6,59.8,99.4
20100126,20:00,29.21,91.71,-18.58,74.4,88.8,163.2
20100126,21:00,41.06,82.06,-18.57,151.1,112.2,263.3
20100126,22:00,52.56,69.76,-18.56,480.5,205.8,686.2
20100126,23:00,62.93,51.26,-18.55,602.1,183.4,785.5
20100127,00:00,69.95,19.68,-18.54,665.7,179.1,844.8
20100127,01:00,69.66,337.68,-18.53,809.8,174.1,983.9
20100127,02:00,62.27,307.21,-18.52,787.1,179.5,966.6
20100127,03:00,51.78,289.33,-18.51,778.7,158.9,937.6
20100127,04:00,40.22,277.32,-18.5,652.7,85.1,737.8
20100127,05:00,28.36,267.78,-18.49,568.0,78.6,646.6
20100127,06:00,16.56,259.16,-18.47,472.9,73.6,546.5
20100127,07:00,5.1,250.57,-18.46,96.6,41.9,138.5
20100127,08:00,-5.75,241.36,-18.45,49.5,24.1,73.6
20100127,09:00,-15.62,230.93,-18.44,33.0,16.0,49.1
20100127,10:00,-24.01,218.7,-18.43,0.0,0.0,0.0
20100127,11:00,-30.24,204.31,-18.42,0.0,0.0,0.0
20100127,12:00,-33.57,188.0,-18.41,0.0,0.0,0.0
20100127,13:00,-33.47,170.91,-18.4,0.0,0.0,0.0
20100127,14:00,-29.95,154.69,-18.39,0.0,0.0,0.0
20100127,15:00,-23.57,140.42,-18.38,0.0,0.0,0.0
20100127,16:00,-15.08,128.3,-18.37,0.0,0.0,0.0
20100127,17:00,-5.14,117.95,-18.36,0.0,0.0,0.0
20100127,18:00,5.75,108.77,-18.35,1.4,3.7,5.1
20100127,19:00,17.23,100.18,-18.33,69.4,66.8,136.2
20100127,20:00,29.03,91.5,-18.32,100.7,99.8,200.5
20100127,21:00,40.87,81.81,-18.31,159.1,129.4,288.5
20100127,22:00,52.37,69.48,-18.3,481.4,203.2,684.6
20100127,23:00,62.7,50.97,-18.29,642.3,149.7,792.1
20100128,00:00,69.69,19.6,-18.28,716.2,139.6,855.9
20100128,01:00,69.42,338.04,-18.27,923.8,88.7,1012.4
20100128,02:00,62.11,307.66,-18.26,914.6,82.3,996.9
20100128,03:00,51.65,289.71,-18.25,880.9,79.6,960.6
20100128,04:00,40.11,277.63,-18.24,672.1,70.9,743.0
20100128,05:00,28.25,268.05,-18.23,580.4,68.8,649.2
20100128,06:00,16.45,259.41,-18.21,475.8,69.9,545.7
20100128,07:00,4.98,250.8,-18.2,80.3,48.3,128.6
20100128,08:00,-5.89,241.58,-18.19,41.1,26.8,67.9
20100128,09:00,-15.79,231.14,-18.18,27.4,17.8,45.3
20100128,10:00,-24.21,218.89,-18.17,0.0,0.0,0.0
20100128,11:00,-30.47,204.47,-18.16,0.0,0.0,0.0
20100128,12:00,-33.83,188.09,-18.15,0.0,0.0,0.0
20100128,13:00,-33.73,170.93,-18.14,0.0,0.0,0.0
20100128,14:00,-30.21,154.63,-18.13,0.0,0.0,0.0
20100128,15:00,-23.82,140.31,-18.12,0.0,0.0,0.0
20100128,16:00,-15.31,128.16,-18.1,0.0,0.0,0.0
20100128,17:00,-5.35,117.78,-18.09,0.0,0.0,0.0
20100128,18:00,5.55,108.59,-18.08,2.7,2.9,5.6
20100128,19:00,17.05,99.98,-18.07,123.1,43.8,166.9
20100128,20:00,28.85,91.27,-18.06,223.4,50.5,273.9
20100128,21:00,40.68,81.56,-18.05,323.1,55.6,378.6
20100128,22:00,52.17,69.19,-18.04,698.4,70.5,768.9
20100128,23:00,62.47,50.68,-18.03,766.8,72.2,838.9
20100129,00:00,69.42,19.51,-18.02,818.3,73.4,891.8
20100129,01:00,69.19,338.39,-18.0,947.2,76.7,1023.9
20100129,02:00,61.94,308.1,-17.99,929.9,76.9,1006.8
20100129,03:00,51.52,290.09,-17.98,893.1,76.3,969.4
20100129,04:00,40.0,277.95,-17.97,675.5,71.0,746.5
20100129,05:00,28.14,268.33,-17.96,584.1,68.5,652.6
20100129,06:00,16.34,259.66,-17.95,486.1,64.6,550.6
20100129,07:00,4.85,251.04,-17.94,100.2,37.8,138.0
20100129,08:00,-6.04,241.81,-17.93,52.0,21.2,73.2
20100129,09:00,-15.96,231.35,-17.91,34.7,14.1,48.8
20100129,10:00,-24.41,219.09,-17.9,0.0,0.0,0.0
20100129,11:00,-30.71,204.62,-17.89,0.0,0.0,0.0
20100129,12:00,-34.09,188.18,-17.88,0.0,0.0,0.0
20100129,13:00,-34.01,170.94,-17.87,0.0,0.0,0.0
20100129,14:00,-30.48,154.57,-17.86,0.0,0.0,0.0
20100129,15:00,-24.07,140.2,-17.85,0.0,0.0,0.0
20100129,16:00,-15.54,128.01,-17.84,0.0,0.0,0.0
20100129,17:00,-5.57,117.61,-17.82,0.0,0.0,0.0
20100129,18:00,5.35,108.41,-17.81,2.5,2.7,5.1
20100129,19:00,16.86,99.77,-17.8,112.2,47.4,159.6
20100129,20:00,28.66,91.05,-17.79,198.4,63.1,261.5
20100129,21:00,40.5,81.3,-17.78,298.2,68.1,366.3
20100129,22:00,51.96,68.89,-17.77,669.6,84.6,754.3
20100129,23:00,62.24,50.37,-17.76,700.0,115.8,815.8
20100130,00:00,69.15,19.41,-17.75,673.5,171.5,845.0
20100130,01:00,68.94,338.73,-17.73,385.4,399.8,785.2
20100130,02:00,61.76,308.54,-17.72,315.1,390.5,705.6
20100130,03:00,51.39,290.47,-17.71,256.5,383.6,640.1
20100130,04:00,39.88,278.27,-17.7,20.8,159.4,180.2
20100130,05:00,28.03,268.61,-17.69,10.9,114.8,125.7
20100130,06:00,16.21,259.92,-17.68,7.5,86.0,93.5
20100130,07:00,4.71,251.28,-17.67,0.2,13.0,13.2
20100130,08:00,-6.2,242.04,-17.65,0.1,7.2,7.2
20100130,09:00,-16.14,231.57,-17.64,0.1,4.8,4.8
20100130,10:00,-24.62,219.28,-17.63,0.0,0.0,0.0
20100130,11:00,-30.95,204.77,-17.62,0.0,0.0,0.0
20100130,12:00,-34.35,188.27,-17.61,0.0,0.0,0.0
20100130,13:00,-34.28,170.94,-17.6,0.0,0.0,0.0
20100130,14:00,-30.75,154.49,-17.59,0.0,0.0,0.0
20100130,15:00,-24.32,140.07,-17.57,0.0,0.0,0.0
20100130,16:00,-15.77,127.86,-17.56,0.0,0.0,0.0
20100130,17:00,-5.78,117.44,-17.55,0.0,0.0,0.0
20100130,18:00,5.15,108.21,-17.54,0.0,0.6,0.6
20100130,19:00,16.67,99.56,-17.53,0.1,9.9,10.0
20100130,20:00,28.48,90.81,-17.52,0.2,22.2,22.4
20100130,21:00,40.31,81.03,-17.51,0.4,49.1,49.5
20100130,22:00,51.76,68.59,-17.49,1.0,106.1,107.1
20100130,23:00,62.0,50.06,-17.48,7.3,142.6,149.9
20100131,00:00,68.88,19.3,-17.47,11.1,161.5,172.6
20100131,01:00,68.69,339.06,-17.46,37.0,245.3,282.3
20100131,02:00,61.58,308.98,-17.45,56.0,285.1,341.1
20100131,03:00,51.24,290.85,-17.44,81.0,273.7,354.8
20100131,04:00,39.75,278.6,-17.42,133.1,203.9,337.0
20100131,05:00,27.91,268.89,-17.41,100.8,182.9,283.7
20100131,06:00,16.09,260.17,-17.4,82.9,149.9,232.8
20100131,07:00,4.57,251.52,-17.39,11.6,26.8,38.4
20100131,08:00,-6.36,242.27,-17.38,5.9,14.2,20.1
20100131,09:00,-16.33,231.79,-17.37,3.9,9.5,13.4
20100131,10:00,-24.84,219.48,-17.35,0.0,0.0,0.0
20100131,11:00,-31.2,204.93,-17.34,0.0,0.0,0.0
20100131,12:00,-34.62,188.35,-17.33,0.0,0.0,0.0
20100131,13:00,-34.56,170.94,-17.32,0.0,0.0,0.0
20100131,14:00,-31.02,154.42,-17.31,0.0,0.0,0.0
20100131,15:00,-24.58,139.94,-17.3,0.0,0.0,0.0
20100131,16:00,-16.01,127.7,-17.28,0.0,0.0,0.0
20100131,17:00,-6.0,117.25,-17.27,0.0,0.0,0.0
20100131,18:00,4.95,108.01,-17.26,0.0,0.5,0.5
20100131,19:00,16.48,99.35,-17.25,0.4,22.7,23.1
20100131,20:00,28.29,90.57,-17.24,0.5,36.0,36.5
20100131,21:00,40.12,80.75,-17.23,1.9,59.0,60.9
20100131,22:00,51.55,68.28,-17.21,1.3,207.6,208.9
20100131,23:00,61.76,49.74,-17.2,1.3,214.1,215.4
20100701,00:00,29.08,5.01,23.13,311.2,53.4,364.6
20100701,01:00,28.49,349.29,23.12,405.5,60.0,465.5
20100701,02:00,24.78,334.42,23.12,387.8,58.4,446.2
20100701,03:00,18.44,321.23,23.12,352.5,56.7,409.2
20100701,04:00,10.12,309.88,23.12,158.5,44.6,203.1
20100701,05:00,0.39,300.06,23.11,97.5,33.0,130.5
20100701,06:00,-10.31,291.31,23.11,65.0,22.0,87.0
20100701,07:00,-21.65,283.13,23.11,0.0,0.0,0.0
20100701,08:00,-33.37,274.91,23.11,0.0,0.0,0.0
20100701,09:00,-45.23,265.78,23.1,0.0,0.0,0.0
20100701,10:00,-56.91,253.99,23.1,0.0,0.0,0.0
20100701,11:00,-67.67,235.03,23.1,0.0,0.0,0.0
20100701,12:00,-74.89,197.14,23.09,0.0,0.0,0.0
20100701,13:00,-73.03,146.05,23.09,0.0,0.0,0.0
20100701,14:00,-63.97,116.76,23.09,0.0,0.0,0.0
20100701,15:00,-52.73,101.28,23.09,0.0,0.0,0.0
20100701,16:00,-40.93,90.76,23.08,0.0,0.0,0.0
20100701,17:00,-29.09,82.09,23.08,0.0,0.0,0.0
20100701,18:00,-17.48,73.97,23.08,0.0,0.0,0.0
20100701,19:00,-6.33,65.65,23.07,0.0,0.0,0.0
20100701,20:00,4.07,56.57,23.07,1.9,2.5,4.4
20100701,21:00,13.36,46.25,23.07,22.8,16.4,39.2
20100701,22:00,21.04,34.24,23.06,197.1,59.6,256.7
20100701,23:00,26.51,20.39,23.06,256.7,61.4,318.1
20100702,00:00,29.14,5.07,23.06,289.2,70.2,359.4
20100702,01:00,28.56,349.32,23.06,334.6,107.6,442.2
20100702,02:00,24.86,334.44,23.05,312.5,111.3,423.8
20100702,03:00,18.52,321.23,23.05,297.4,95.7,393.1
20100702,04:00,10.2,309.87,23.05,157.5,47.1,204.5
20100702,05:00,0.47,300.04,23.04,97.5,34.2,131.7
20100702,06:00,-10.23,291.28,23.04,65.0,22.8,87.8
20100702,07:00,-21.57,283.09,23.04,0.0,0.0,0.0
20100702,08:00,-33.29,274.87,23.03,0.0,0.0,0.0
20100702,09:00,-45.16,265.72,23.03,0.0,0.0,0.0
20100702,10:00,-56.84,253.93,23.03,0.0,0.0,0.0
20100702,11:00,-67.59,234.98,23.03,0.0,0.0,0.0
20100702,12:00,-74.81,197.23,23.02,0.0,0.0,0.0
20100702,13:00,-72.98,146.3,23.02,0.0,0.0,0.0
20100702,14:00,-63.96,116.96,23.02,0.0,0.0,0.0
20100702,15:00,-52.73,101.42,23.01,0.0,0.0,0.0
20100702,16:00,-40.93,90.87,23.01,0.0,0.0,0.0
20100702,17:00,-29.09,82.19,23.01,0.0,0.0,0.0
20100702,18:00,-17.47,74.06,23.0,0.0,0.0,0.0
20100702,19:00,-6.32,65.73,23.0,0.0,0.0,0.0
20100702,20:00,4.09,56.66,23.0,1.7,2.8,4.5
20100702,21:00,13.39,46.33,22.99,23.9,17.1,41.0
20100702,22:00,21.09,34.32,22.99,169.5,78.8,248.3
20100702,23:00,26.57,20.46,22.99,208.9,93.6,302.4
20100703,00:00,29.21,5.13,22.98,232.6,103.7,336.4
20100703,01:00,28.64,349.36,22.98,244.4,135.5,379.9
20100703,02:00,24.94,334.45,22.98,262.2,124.3,386.5
20100703,03:00,18.61,321.23,22.97,248.5,113.7,362.3
20100703,04:00,10.29,309.85,22.97,132.2,61.9,194.1
20100703,05:00,0.55,300.01,22.97,81.8,43.6,125.4
20100703,06:00,-10.15,291.25,22.96,54.6,29.0,83.6
20100703,07:00,-21.49,283.05,22.96,0.0,0.0,0.0
20100703,08:00,-33.21,274.81,22.96,0.0,0.0,0.0
20100703,09:00,-45.08,265.66,22.95,0.0,0.0,0.0
20100703,10:00,-56.76,253.86,22.95,0.0,0.0,0.0
20100703,11:00,-67.5,234.91,22.95,0.0,0.0,0.0
20100703,12:00,-74.73,197.31,22.94,0.0,0.0,0.0
20100703,13:00,-72.94,146.55,22.94,0.0,0.0,0.0
20100703,14:00,-63.94,117.16,22.94,0.0,0.0,0.0
20100703,15:00,-52.72,101.57,22.93,0.0,0.0,0.0
20100703,16:00,-40.93,90.99,22.93,0.0,0.0,0.0
20100703,17:00,-29.08,82.29,22.93,0.0,0.0,0.0
20100703,18:00,-17.46,74.15,22.92,0.0,0.0,0.0
20100703,19:00,-6.3,65.82,22.92,0.0,0.0,0.0
20100703,20:00,4.11,56.74,22.92,0.0,2.0,2.0
20100703,21:00,13.42,46.42,22.91,0.1,18.3,18.3
20100703,22:00,21.14,34.41,22.91,4.3,109.7,114.0
20100703,23:00,26.63,20.54,22.91,4.7,126.9,131.6
20100704,00:00,29.29,5.18,22.9,3.7,137.5,141.2
20100704,01:00,28.73,349.39,22.9,1.2,166.6,167.8
20100704,02:00,25.04,334.46,22.89,0.9,151.5,152.4
20100704,03:00,18.7,321.22,22.89,0.7,132.7,133.4
20100704,04:00,10.38,309.82,22.89,0.3,40.7,41.0
20100704,05:00,0.64,299.97,22.88,0.2,26.7,26.9
20100704,06:00,-10.07,291.21,22.88,0.1,17.8,17.9
20100704,07:00,-21.41,283.0,22.88,0.0,0.0,0.0
20100704,08:00,-33.14,274.75,22.87,0.0,0.0,0.0
20100704,09:00,-45.0,265.59,22.87,0.0,0.0,0.0
20100704,10:00,-56.67,253.77,22.87,0.0,0.0,0.0
20100704,11:00,-67.41,234.84,22.86,0.0,0.0,0.0
20100704,12:00,-74.63,197.38,22.86,0.0,0.0,0.0
20100704,13:00,-72.88,146.81,22.85,0.0,0.0,0.0
20100704,14:00,-63.92,117.37,22.85,0.0,0.0,0.0
20100704,15:00,-52.71,101.72,22.85,0.0,0.0,0.0
20100704,16:00,-40.92,91.12,22.84,0.0,0.0,0.0
20100704,17:00,-29.07,82.4,22.84,0.0,0.0,0.0
20100704,18:00,-17.45,74.25,22.84,0.0,0.0,0.0
20100704,19:00,-6.28,65.92,22.83,0.0,0.0,0.0
20100704,20:00,4.14,56.84,22.83,0.0,1.3,1.4
20100704,21:00,13.47,46.5,22.82,0.4,8.1,8.5
20100704,22:00,21.19,34.49,22.82,2.2,38.2,40.4
20100704,23:00,26.71,20.61,22.82,2.8,50.8,53.5
20100705,00:00,29.38,5.24,22.81,4.9,66.5,71.4
20100705,01:00,28.83,349.42,22.81,10.9,78.7,89.5
20100705,02:00,25.13,334.46,22.81,15.1,77.2,92.3
20100705,03:00,18.8,321.21,22.8,11.2,72.6,83.7
20100705,04:00,10.47,309.79,22.8,9.1,44.7,53.8
20100705,05:00,0.73,299.93,22.79,5.2,27.4,32.7
20100705,06:00,-9.98,291.16,22.79,3.5,18.3,21.8
20100705,07:00,-21.33,282.94,22.79,0.0,0.0,0.0
20100705,08:00,-33.05,274.68,22.78,0.0,0.0,0.0
20100705,09:00,-44.92,265.51,22.78,0.0,0.0,0.0
20100705,10:00,-56.59,253.68,22.77,0.0,0.0,0.0
20100705,11:00,-67.32,234.74,22.77,0.0,0.0,0.0
20100705,12:00,-74.53,197.44,22.77,0.0,0.0,0.0
20100705,13:00,-72.82,147.08,22.76,0.0,0.0,0.0
20100705,14:00,-63.89,117.59,22.76,0.0,0.0,0.0
20100705,15:00,-52.7,101.89,22.75,0.0,0.0,0.0
20100705,16:00,-40.91,91.25,22.75,0.0,0.0,0.0
20100705,17:00,-29.05,82.52,22.75,0.0,0.0,0.0
20100705,18:00,-17.43,74.36,22.74,0.0,0.0,0.0
20100705,19:00,-6.26,66.02,22.74,0.0,0.0,0.0
20100705,20:00,4.18,56.93,22.73,0.6,2.3,2.9
20100705,21:00,13.52,46.6,22.73,13.4,16.7,30.1
20100705,22:00,21.26,34.58,22.73,142.2,76.4,218.6
20100705,23:00,26.78,20.69,22.72,200.6,78.3,278.9
20100706,00:00,29.47,5.29,22.72,225.9,91.3,317.2
20100706,01:00,28.93,349.45,22.71,225.7,157.7,383.3
20100706,02:00,25.24,334.47,22.71,174.6,166.4,341.0
20100706,03:00,18.9,321.19,22.71,145.9,157.0,302.9
20100706,04:00,10.57,309.76,22.7,46.6,91.9,138.5
20100706,05:00,0.82,299.89,22.7,32.1,61.3,93.4
20100706,06:00,-9.89,291.1,22.69,21.4,40.9,62.3
20100706,07:00,-21.24,282.88,22.69,0.0,0.0,0.0
20100706,08:00,-32.97,274.61,22.69,0.0,0.0,0.0
20100706,09:00,-44.83,265.42,22.68,0.0,0.0,0.0
20100706,10:00,-56.5,253.57,22.68,0.0,0.0,0.0
20100706,11:00,-67.22,234.64,22.67,0.0,0.0,0.0
20100706,12:00,-74.43,197.48,22.67,0.0,0.0,0.0
20100706,13:00,-72.75,147.35,22.66,0.0,0.0,0.0
20100706,14:00,-63.85,117.81,22.66,0.0,0.0,0.0
20100706,15:00,-52.68,102.06,22.66,0.0,0.0,0.0
20100706,16:00,-40.89,91.39,22.65,0.0,0.0,0.0
20100706,17:00,-29.04,82.64,22.65,0.0,0.0,0.0
20100706,18:00,-17.4,74.47,22.64,0.0,0.0,0.0
20100706,19:00,-6.22,66.12,22.64,0.0,0.0,0.0
20100706,20:00,4.22,57.03,22.63,0.4,2.4,2.8
20100706,21:00,13.57,46.69,22.63,10.2,17.1,27.3
20100706,22:00,21.33,34.67,22.63,46.5,93.1,139.6
20100706,23:00,26.87,20.76,22.62,85.8,118.0,203.8
20100707,00:00,29.57,5.34,22.62,130.4,127.0,257.3
20100707,01:00,29.03,349.47,22.61,328.7,107.0,435.7
20100707,02:00,25.35,334.46,22.61,324.1,96.5,420.5
20100707,03:00,19.01,321.16,22.6,298.3,90.1,388.4
20100707,04:00,10.67,309.72,22.6,130.9,60.9,191.9
20100707,05:00,0.92,299.84,22.59,83.1,43.5,126.6
20100707,06:00,-9.8,291.04,22.59,55.4,29.0,84.4
20100707,07:00,-21.15,282.81,22.59,0.0,0.0,0.0
20100707,08:00,-32.88,274.53,22.58,0.0,0.0,0.0
20100707,09:00,-44.75,265.32,22.58,0.0,0.0,0.0
20100707,10:00,-56.41,253.45,22.57,0.0,0.0,0.0
20100707,11:00,-67.12,234.52,22.57,0.0,0.0,0.0
20100707,12:00,-74.32,197.52,22.56,0.0,0.0,0.0
20100707,13:00,-72.67,147.63,22.56,0.0,0.0,0.0
20100707,14:00,-63.81,118.05,22.55,0.0,0.0,0.0
20100707,15:00,-52.65,102.24,22.55,0.0,0.0,0.0
20100707,16:00,-40.87,91.54,22.55,0.0,0.0,0.0
20100707,17:00,-29.01,82.77,22.54,0.0,0.0,0.0
20100707,18:00,-17.37,74.58,22.54,0.0,0.0,0.0
20100707,19:00,-6.19,66.23,22.53,0.0,0.0,0.0
20100707,20:00,4.27,57.13,22.53,1.0,2.4,3.4
20100707,21:00,13.63,46.79,22.52,23.4,15.4,38.7
20100707,22:00,21.4,34.76,22.52,223.3,49.6,273.0
20100707,23:00,26.96,20.84,22.51,254.1,67.3,321.4
20100708,00:00,29.67,5.4,22.51,281.9,77.0,358.9
20100708,01:00,29.15,349.5,22.5,262.4,148.0,410.4
20100708,02:00,25.46,334.46,22.5,211.5,161.2,372.7
20100708,03:00,19.12,321.13,22.49,176.9,155.0,331.9
20100708,04:00,10.78,309.67,22.49,86.1,86.5,172.6
20100708,05:00,1.02,299.78,22.49,55.7,58.8,114.5
20100708,06:00,-9.71,290.97,22.48,37.2,39.3,76.4
20100708,07:00,-21.06,282.73,22.48,0.0,0.0,0.0
20100708,08:00,-32.8,274.44,22.47,0.0,0.0,0.0
20100708,09:00,-44.66,265.21,22.47,0.0,0.0,0.0
20100708,10:00,-56.32,253.33,22.46,0.0,0.0,0.0
20100708,11:00,-67.01,234.39,22.46,0.0,0.0,0.0
20100708,12:00,-74.2,197.54,22.45,0.0,0.0,0.0
20100708,13:00,-72.59,147.91,22.45,0.0,0.0,0.0
20100708,14:00,-63.77,118.3,22.44,0.0,0.0,0.0
20100708,15:00,-52.62,102.43,22.44,0.0,0.0,0.0
20100708,16:00,-40.84,91.69,22.43,0.0,0.0,0.0
20100708,17:00,-28.98,82.9,22.43,0.0,0.0,0.0
20100708,18:00,-17.34,74.7,22.42,0.0,0.0,0.0
20100708,19:00,-6.14,66.34,22.42,0.0,0.0,0.0
20100708,20:00,4.32,57.24,22.41,2.7,2.6,5.3
20100708,21:00,13.7,46.89,22.41,32.8,13.1,45.8
20100708,22:00,21.49,34.85,22.4,227.1,48.8,275.9
20100708,23:00,27.06,20.92,22.4,276.2,57.0,333.2
20100709,00:00,29.78,5.45,22.39,306.8,66.8,373.5
20100709,01:00,29.26,349.52,22.39,295.8,124.3,420.0
20100709,02:00,25.58,334.45,22.38,228.6,141.5,370.1
20100709,03:00,19.24,321.1,22.38,181.0,132.3,313.3
20100709,04:00,10.89,309.62,22.37,106.4,65.0,171.4
20100709,05:00,1.12,299.72,22.37,68.6,46.3,114.9
20100709,06:00,-9.61,290.9,22.36,45.8,30.9,76.6
20100709,07:00,-20.97,282.65,22.36,0.0,0.0,0.0
20100709,08:00,-32.7,274.34,22.35,0.0,0.0,0.0
20100709,09:00,-44.57,265.1,22.35,0.0,0.0,0.0
20100709,10:00,-56.22,253.19,22.34,0.0,0.0,0.0
20100709,11:00,-66.9,234.24,22.34,0.0,0.0,0.0
20100709,12:00,-74.08,197.55,22.33,0.0,0.0,0.0
20100709,13:00,-72.5,148.19,22.33,0.0,0.0,0.0
20100709,14:00,-63.72,118.55,22.32,0.0,0.0,0.0
20100709,15:00,-52.58,102.62,22.32,0.0,0.0,0.0
20100709,16:00,-40.81,91.85,22.31,0.0,0.0,0.0
20100709,17:00,-28.95,83.03,22.31,0.0,0.0,0.0
20100709,18:00,-17.3,74.82,22.3,0.0,0.0,0.0
20100709,19:00,-6.1,66.46,22.3,0.0,0.0,0.0
20100709,20:00,4.38,57.35,22.29,2.6,2.7,5.4
20100709,21:00,13.77,47.0,22.29,32.6,13.6,46.2
20100709,22:00,21.57,34.95,22.28,230.5,49.5,280.0
20100709,23:00,27.16,20.99,22.28,287.7,52.7,340.4
20100710,00:00,29.9,5.5,22.27,329.8,54.5,384.3
20100710,01:00,29.39,349.53,22.27,431.1,58.8,489.9
20100710,02:00,25.71,334.43,22.26,382.5,77.7,460.2
20100710,03:00,19.36,321.06,22.26,322.0,89.9,411.9
20100710,04:00,11.0,309.57,22.25,136.4,68.9,205.3
20100710,05:00,1.23,299.65,22.25,91.7,46.9,138.6
20100710,06:00,-9.51,290.82,22.24,61.2,31.3,92.5
20100710,07:00,-20.87,282.56,22.24,0.0,0.0,0.0
20100710,08:00,-32.61,274.24,22.23,0.0,0.0,0.0
20100710,09:00,-44.47,264.97,22.23,0.0,0.0,0.0
20100710,10:00,-56.12,253.04,22.22,0.0,0.0,0.0
20100710,11:00,-66.79,234.08,22.21,0.0,0.0,0.0
20100710,12:00,-73.95,197.55,22.21,0.0,0.0,0.0
20100710,13:00,-72.4,148.47,22.2,0.0,0.0,0.0
20100710,14:00,-63.66,118.81,22.2,0.0,0.0,0.0
20100710,15:00,-52.54,102.82,22.19,0.0,0.0,0.0
20100710,16:00,-40.77,92.01,22.19,0.0,0.0,0.0
20100710,17:00,-28.91,83.17,22.18,0.0,0.0,0.0
20100710,18:00,-17.26,74.95,22.18,0.0,0.0,0.0
20100710,19:00,-6.05,66.58,22.17,0.0,0.0,0.0
20100710,20:00,4.45,57.47,22.17,2.7,2.8,5.4
20100710,21:00,13.85,47.11,22.16,32.8,13.3,46.1
20100710,22:00,21.67,35.04,22.16,226.9,48.3,275.2
20100710,23:00,27.28,21.07,22.15,265.9,60.4,326.3
20100711,00:00,30.03,5.55,22.15,275.6,82.8,358.4
20100711,01:00,29.52,349.55,22.14,300.2,134.7,435.0
20100711,02:00,25.84,334.41,22.13,269.8,138.5,408.2
20100711,03:00,19.48,321.01,22.13,231.6,139.2,370.8
20100711,04:00,11.12,309.51,22.12,64.1,111.0,175.0
20100711,05:00,1.34,299.57,22.12,35.2,78.7,113.9
20100711,06:00,-9.41,290.74,22.11,23.5,52.6,76.0
20100711,07:00,-20.78,282.46,22.11,0.0,0.0,0.0
20100711,08:00,-32.52,274.13,22.1,0.0,0.0,0.0
20100711,09:00,-44.38,264.84,22.1,0.0,0.0,0.0
20100711,10:00,-56.02,252.88,22.09,0.0,0.0,0.0
20100711,11:00,-66.68,233.91,22.08,0.0,0.0,0.0
20100711,12:00,-73.82,197.54,22.08,0.0,0.0,0.0
20100711,13:00,-72.3,148.76,22.07,0.0,0.0,0.0
20100711,14:00,-63.6,119.08,22.07,0.0,0.0,0.0
20100711,15:00,-52.49,103.03,22.06,0.0,0.0,0.0
20100711,16:00,-40.73,92.18,22.06,0.0,0.0,0.0
20100711,17:00,-28.87,83.32,22.05,0.0,0.0,0.0
20100711,18:00,-17.21,75.09,22.05,0.0,0.0,0.0
20100711,19:00,-5.99,66.7,22.04,0.0,0.0,0.0
20100711,20:00,4.52,57.58,22.03,2.7,2.8,5.5
20100711,21:00,13.93,47.22,22.03,32.5,13.4,45.9
20100711,22:00,21.77,35.14,22.02,228.8,47.7,276.4
20100711,23:00,27.39,21.15,22.02,283.1,51.8,334.9
20100712,00:00,30.16,5.6,22.01,325.0,53.6,378.5
20100712,01:00,29.66,349.56,22.01,421.4,60.5,481.9
20100712,02:00,25.97,334.39,22.0,402.0,60.4,462.4
20100712,03:00,19.61,320.97,21.99,366.8,58.6,425.4
20100712,04:00,11.24,309.44,21.99,165.6,57.3,222.9
20100712,05:00,1.45,299.49,21.98,98.2,43.8,142.0
20100712,06:00,-9.3,290.65,21.98,65.5,29.3,94.8
20100712,07:00,-20.68,282.36,21.97,0.0,0.0,0.0
20100712,08:00,-32.42,274.01,21.97,0.0,0.0,0.0
20100712,09:00,-44.28,264.7,21.96,0.0,0.0,0.0
20100712,10:00,-55.92,252.72,21.95,0.0,0.0,0.0
20100712,11:00,-66.56,233.73,21.95,0.0,0.0,0.0
20100712,12:00,-73.68,197.52,21.94,0.0,0.0,0.0
20100712,13:00,-72.19,149.05,21.94,0.0,0.0,0.0
20100712,14:00,-63.53,119.35,21.93,0.0,0.0,0.0
20100712,15:00,-52.44,103.25,21.92,0.0,0.0,0.0
20100712,16:00,-40.68,92.36,21.92,0.0,0.0,0.0
20100712,17:00,-28.82,83.47,21.91,0.0,0.0,0.0
20100712,18:00,-17.15,75.22,21.91,0.0,0.0,0.0
20100712,19:00,-5.92,66.83,21.9,0.0,0.0,0.0
20100712,20:00,4.59,57.71,21.89,2.6,3.0,5.5
20100712,21:00,14.02,47.33,21.89,31.6,14.1,45.6
20100712,22:00,21.88,35.25,21.88,226.9,48.7,275.6
20100712,23:00,27.52,21.23,21.88,283.4,51.8,335.2
20100713,00:00,30.29,5.64,21.87,325.0,54.1,379.0
20100713,01:00,29.8,349.57,21.87,423.0,62.8,485.8
20100713,02:00,26.12,334.36,21.86,405.3,62.1,467.4
20100713,03:00,19.75,320.91,21.85,369.4,61.9,431.3
20100713,04:00,11.37,309.37,21.85,179.2,47.2,226.4
20100713,05:00,1.57,299.41,21.84,114.3,36.2,150.5
20100713,06:00,-9.19,290.55,21.84,76.3,24.2,100.6
20100713,07:00,-20.57,282.25,21.83,0.0,0.0,0.0
20100713,08:00,-32.32,273.88,21.82,0.0,0.0,0.0
20100713,09:00,-44.18,264.56,21.82,0.0,0.0,0.0
20100713,10:00,-55.81,252.54,21.81,0.0,0.0,0.0
20100713,11:00,-66.43,233.54,21.8,0.0,0.0,0.0
20100713,12:00,-73.53,197.49,21.8,0.0,0.0,0.0
20100713,13:00,-72.07,149.33,21.79,0.0,0.0,0.0
20100713,14:00,-63.45,119.63,21.79,0.0,0.0,0.0
20100713,15:00,-52.38,103.47,21.78,0.0,0.0,0.0
20100713,16:00,-40.63,92.54,21.77,0.0,0.0,0.0
20100713,17:00,-28.77,83.63,21.77,0.0,0.0,0.0
20100713,18:00,-17.09,75.36,21.76,0.0,0.0,0.0
20100713,19:00,-5.86,66.96,21.76,0.0,0.0,0.0
20100713,20:00,4.67,57.83,21.75,2.8,3.0,5.8
20100713,21:00,14.12,47.45,21.74,32.9,13.9,46.8
20100713,22:00,21.99,35.35,21.74,230.2,48.8,279.0
20100713,23:00,27.65,21.31,21.73,286.3,52.0,338.3
20100714,00:00,30.44,5.69,21.72,327.6,54.1,381.8
20100714,01:00,29.95,349.57,21.72,421.0,66.6,487.6
20100714,02:00,26.26,334.33,21.71,384.2,77.8,462.1
20100714,03:00,19.89,320.85,21.71,345.8,79.1,424.9
20100714,04:00,11.5,309.29,21.7,160.8,59.7,220.5
20100714,05:00,1.69,299.32,21.69,99.4,45.9,145.3
20100714,06:00,-9.08,290.44,21.69,66.3,30.8,97.1
20100714,07:00,-20.47,282.13,21.68,0.0,0.0,0.0
20100714,08:00,-32.22,273.75,21.67,0.0,0.0,0.0
20100714,09:00,-44.08,264.4,21.67,0.0,0.0,0.0
20100714,10:00,-55.71,252.35,21.66,0.0,0.0,0.0
20100714,11:00,-66.31,233.33,21.66,0.0,0.0,0.0
20100714,12:00,-73.38,197.44,21.65,0.0,0.0,0.0
20100714,13:00,-71.95,149.62,21.64,0.0,0.0,0.0
20100714,14:00,-63.37,119.92,21.64,0.0,0.0,0.0
20100714,15:00,-52.32,103.7,21.63,0.0,0.0,0.0
20100714,16:00,-40.57,92.73,21.62,0.0,0.0,0.0
20100714,17:00,-28.71,83.79,21.62,0.0,0.0,0.0
20100714,18:00,-17.03,75.51,21.61,0.0,0.0,0.0
20100714,19:00,-5.78,67.09,21.6,0.0,0.0,0.0
20100714,20:00,4.76,57.96,21.6,2.8,3.2,5.9
20100714,21:00,14.22,47.57,21.59,30.0,16.2,46.2
20100714,22:00,22.11,35.45,21.58,207.8,64.5,272.2
20100714,23:00,27.78,21.39,21.58,255.8,73.3,329.1
20100715,00:00,30.59,5.73,21.57,293.1,78.3,371.4
20100715,01:00,30.11,349.57,21.57,393.1,88.7,481.8
20100715,02:00,26.41,334.29,21.56,359.0,95.3,454.3
20100715,03:00,20.03,320.79,21.55,321.7,93.1,414.7
20100715,04:00,11.63,309.2,21.55,143.1,66.3,209.4
20100715,05:00,1.81,299.22,21.54,93.2,48.3,141.5
20100715,06:00,-8.97,290.34,21.53,62.2,32.4,94.6
20100715,07:00,-20.36,282.01,21.53,0.0,0.0,0.0
20100715,08:00,-32.12,273.61,21.52,0.0,0.0,0.0
20100715,09:00,-43.98,264.23,21.51,0.0,0.0,0.0
20100715,10:00,-55.59,252.15,21.51,0.0,0.0,0.0
20100715,11:00,-66.18,233.11,21.5,0.0,0.0,0.0
20100715,12:00,-73.22,197.39,21.49,0.0,0.0,0.0
20100715,13:00,-71.82,149.91,21.49,0.0,0.0,0.0
20100715,14:00,-63.28,120.21,21.48,0.0,0.0,0.0
20100715,15:00,-52.25,103.93,21.47,0.0,0.0,0.0
20100715,16:00,-40.51,92.92,21.47,0.0,0.0,0.0
20100715,17:00,-28.65,83.96,21.46,0.0,0.0,0.0
20100715,18:00,-16.96,75.66,21.45,0.0,0.0,0.0
20100715,19:00,-5.7,67.23,21.45,0.0,0.0,0.0
20100715,20:00,4.85,58.09,21.44,1.2,3.1,4.2
20100715,21:00,14.33,47.69,21.43,10.0,20.2,30.2
20100715,22:00,22.24,35.56,21.43,54.8,113.3,168.2
20100715,23:00,27.93,21.47,21.42,93.5,130.6,224.1
20100716,00:00,30.74,5.78,21.41,152.7,134.3,287.1
20100716,01:00,30.27,349.57,21.41,269.8,141.1,410.9
20100716,02:00,26.57,334.25,21.4,176.1,178.9,355.0
20100716,03:00,20.18,320.71,21.39,119.7,162.1,281.8
20100716,04:00,11.76,309.11,21.39,0.3,46.9,47.2
20100716,05:00,1.93,299.12,21.38,0.2,31.4,31.6
20100716,06:00,-8.85,290.22,21.37,0.1,21.0,21.1
20100716,07:00,-20.26,281.88,21.37,0.0,0.0,0.0
20100716,08:00,-32.01,273.46,21.36,0.0,0.0,0.0
20100716,09:00,-43.87,264.06,21.35,0.0,0.0,0.0
20100716,10:00,-55.48,251.95,21.35,0.0,0.0,0.0
20100716,11:00,-66.04,232.88,21.34,0.0,0.0,0.0
20100716,12:00,-73.06,197.32,21.33,0.0,0.0,0.0
20100716,13:00,-71.68,150.19,21.32,0.0,0.0,0.0
20100716,14:00,-63.19,120.51,21.32,0.0,0.0,0.0
20100716,15:00,-52.18,104.17,21.31,0.0,0.0,0.0
20100716,16:00,-40.44,93.12,21.3,0.0,0.0,0.0
20100716,17:00,-28.58,84.13,21.3,0.0,0.0,0.0
20100716,18:00,-16.89,75.81,21.29,0.0,0.0,0.0
20100716,19:00,-5.62,67.38,21.28,0.0,0.0,0.0
20100716,20:00,4.95,58.22,21.28,2.0,3.3,5.4
20100716,21:00,14.44,47.81,21.27,22.9,19.0,41.9
20100716,22:00,22.37,35.67,21.26,153.9,92.1,246.0
20100716,23:00,28.08,21.55,21.26,184.4,105.8,290.1
20100717,00:00,30.91,5.82,21.25,191.9,123.6,315.5
20100717,01:00,30.43,349.57,21.24,190.6,173.2,363.8
20100717,02:00,26.73,334.2,21.23,216.4,151.4,367.8
20100717,03:00,20.33,320.64,21.23,222.1,132.1,354.2
20100717,04:00,11.9,309.02,21.22,129.3,73.7,203.0
20100717,05:00,2.06,299.01,21.21,75.0,57.0,132.0
20100717,06:00,-8.74,290.1,21.21,50.0,38.3,88.3
20100717,07:00,-20.15,281.74,21.2,0.0,0.0,0.0
20100717,08:00,-31.91,273.31,21.19,0.0,0.0,0.0
20100717,09:00,-43.77,263.88,21.19,0.0,0.0,0.0
20100717,10:00,-55.37,251.73,21.18,0.0,0.0,0.0
20100717,11:00,-65.9,232.64,21.17,0.0,0.0,0.0
20100717,12:00,-72.89,197.24,21.16,0.0,0.0,0.0
20100717,13:00,-71.54,150.47,21.16,0.0,0.0,0.0
20100717,14:00,-63.09,120.82,21.15,0.0,0.0,0.0
20100717,15:00,-52.1,104.42,21.14,0.0,0.0,0.0
20100717,16:00,-40.37,93.32,21.14,0.0,0.0,0.0
20100717,17:00,-28.5,84.3,21.13,0.0,0.0,0.0
20100717,18:00,-16.81,75.97,21.12,0.0,0.0,0.0
20100717,19:00,-5.53,67.52,21.11,0.0,0.0,0.0
20100717,20:00,5.05,58.36,21.11,3.5,3.2,6.7
20100717,21:00,14.56,47.94,21.1,35.0,13.8,48.8
20100717,22:00,22.51,35.78,21.09,233.8,48.4,282.2
20100717,23:00,28.23,21.64,21.08,280.5,57.9,338.4
20100718,00:00,31.07,5.86,21.08,275.0,84.8,359.8
20100718,01:00,30.6,349.56,21.07,241.0,161.5,402.5
20100718,02:00,26.9,334.15,21.06,218.7,157.6,376.4
20100718,03:00,20.48,320.56,21.06,199.6,147.4,347.0
20100718,04:00,12.04,308.92,21.05,126.5,73.2,199.7
20100718,05:00,2.19,298.89,21.04,87.0,51.3,138.3
20100718,06:00,-8.62,289.97,21.03,58.2,34.5,92.7
20100718,07:00,-20.03,281.6,21.03,0.0,0.0,0.0
20100718,08:00,-31.8,273.15,21.02,0.0,0.0,0.0
20100718,09:00,-43.66,263.69,21.01,0.0,0.0,0.0
20100718,10:00,-55.25,251.5,21.0,0.0,0.0,0.0
20100718,11:00,-65.76,232.39,21.0,0.0,0.0,0.0
20100718,12:00,-72.72,197.16,20.99,0.0,0.0,0.0
20100718,13:00,-71.39,150.75,20.98,0.0,0.0,0.0
20100718,14:00,-62.98,121.12,20.98,0.0,0.0,0.0
20100718,15:00,-52.02,104.67,20.97,0.0,0.0,0.0
20100718,16:00,-40.29,93.52,20.96,0.0,0.0,0.0
20100718,17:00,-28.43,84.48,20.95,0.0,0.0,0.0
20100718,18:00,-16.72,76.13,20.95,0.0,0.0,0.0
20100718,19:00,-5.44,67.67,20.94,0.0,0.0,0.0
20100718,20:00,5.16,58.5,20.93,3.0,4.0,7.0
20100718,21:00,14.69,48.07,20.92,31.2,18.1,49.4
20100718,22:00,22.65,35.89,20.92,214.0,70.5,284.4
20100718,23:00,28.4,21.72,20.91,267.5,74.3,341.8
20100719,00:00,31.25,5.9,20.9,266.6,98.8,365.4
20100719,01:00,30.78,349.55,20.89,136.3,182.4,318.7
20100719,02:00,27.07,334.1,20.89,128.3,173.8,302.1
20100719,03:00,20.64,320.47,20.88,122.9,162.3,285.2
20100719,04:00,12.19,308.81,20.87,84.7,90.1,174.8
20100719,05:00,2.32,298.77,20.86,59.3,63.9,123.2
20100719,06:00,-8.5,289.84,20.86,39.7,42.9,82.6
20100719,07:00,-19.92,281.45,20.85,0.0,0.0,0.0
20100719,08:00,-31.69,272.98,20.84,0.0,0.0,0.0
20100719,09:00,-43.55,263.5,20.83,0.0,0.0,0.0
20100719,10:00,-55.13,251.27,20.83,0.0,0.0,0.0
20100719,11:00,-65.62,232.13,20.82,0.0,0.0,0.0
20100719,12:00,-72.54,197.06,20.81,0.0,0.0,0.0
20100719,13:00,-71.23,151.03,20.8,0.0,0.0,0.0
20100719,14:00,-62.87,121.43,20.8,0.0,0.0,0.0
20100719,15:00,-51.93,104.92,20.79,0.0,0.0,0.0
20100719,16:00,-40.21,93.74,20.78,0.0,0.0,0.0
20100719,17:00,-28.34,84.67,20.77,0.0,0.0,0.0
20100719,18:00,-16.63,76.3,20.76,0.0,0.0,0.0
20100719,19:00,-5.34,67.82,20.76,0.0,0.0,0.0
20100719,20:00,5.27,58.64,20.75,2.8,4.1,6.9
20100719,21:00,14.82,48.2,20.74,31.2,17.7,48.9
20100719,22:00,22.8,36.0,20.73,206.8,72.0,278.9
20100719,23:00,28.56,21.8,20.73,243.6,87.9,331.5
20100720,00:00,31.43,5.93,20.72,274.5,98.1,372.6
20100720,01:00,30.96,349.53,20.71,397.1,93.8,490.9
20100720,02:00,27.25,334.04,20.7,361.2,105.2,466.4
20100720,03:00,20.8,320.38,20.7,333.3,98.9,432.3
20100720,04:00,12.34,308.7,20.69,186.3,52.9,239.3
20100720,05:00,2.45,298.64,20.68,122.4,40.6,163.0
20100720,06:00,-8.37,289.7,20.67,81.9,27.4,109.3
20100720,07:00,-19.81,281.3,20.66,0.0,0.0,0.0
20100720,08:00,-31.58,272.81,20.66,0.0,0.0,0.0
20100720,09:00,-43.44,263.29,20.65,0.0,0.0,0.0
20100720,10:00,-55.01,251.03,20.64,0.0,0.0,0.0
20100720,11:00,-65.47,231.85,20.63,0.0,0.0,0.0
20100720,12:00,-72.36,196.95,20.62,0.0,0.0,0.0
20100720,13:00,-71.07,151.31,20.62,0.0,0.0,0.0
20100720,14:00,-62.75,121.75,20.61,0.0,0.0,0.0
20100720,15:00,-51.83,105.18,20.6,0.0,0.0,0.0
20100720,16:00,-40.12,93.95,20.59,0.0,0.0,0.0
20100720,17:00,-28.25,84.85,20.59,0.0,0.0,0.0
20100720,18:00,-16.54,76.47,20.58,0.0,0.0,0.0
20100720,19:00,-5.23,67.98,20.57,0.0,0.0,0.0
20100720,20:00,5.39,58.79,20.56,0.0,4.2,4.2
20100720,21:00,14.96,48.33,20.55,0.4,24.6,25.0
20100720,22:00,22.96,36.12,20.55,4.8,116.8,121.7
20100720,23:00,28.74,21.88,20.54,6.3,134.2,140.5
20100721,00:00,31.62,5.97,20.53,5.9,131.9,137.8
20100721,01:00,31.15,349.51,20.52,19.9,134.4,154.3
20100721,02:00,27.43,333.97,20.51,10.5,113.5,124.0
20100721,03:00,20.97,320.28,20.51,7.1,90.1,97.2
20100721,04:00,12.49,308.58,20.5,0.4,33.5,34.0
20100721,05:00,2.59,298.51,20.49,0.3,24.0,24.3
20100721,06:00,-8.25,289.55,20.48,0.2,16.1,16.3
20100721,07:00,-19.69,281.14,20.47,0.0,0.0,0.0
20100721,08:00,-31.47,272.62,20.47,0.0,0.0,0.0
20100721,09:00,-43.32,263.08,20.46,0.0,0.0,0.0
20100721,10:00,-54.88,250.77,20.45,0.0,0.0,0.0
20100721,11:00,-65.32,231.57,20.44,0.0,0.0,0.0
20100721,12:00,-72.17,196.84,20.43,0.0,0.0,0.0
20100721,13:00,-70.9,151.58,20.43,0.0,0.0,0.0
20100721,14:00,-62.63,122.07,20.42,0.0,0.0,0.0
20100721,15:00,-51.73,105.44,20.41,0.0,0.0,0.0
20100721,16:00,-40.03,94.17,20.4,0.0,0.0,0.0
20100721,17:00,-28.16,85.04,20.39,0.0,0.0,0.0
20100721,18:00,-16.44,76.64,20.38,0.0,0.0,0.0
20100721,19:00,-5.12,68.14,20.38,0.0,0.0,0.0
20100721,20:00,5.52,58.94,20.37,0.0,0.6,0.6
20100721,21:00,15.1,48.47,20.36,0.8,3.9,4.7
20100721,22:00,23.12,36.23,20.35,0.4,46.0,46.3
20100721,23:00,28.92,21.96,20.34,6.4,106.6,113.0
20100722,00:00,31.81,6.0,20.34,25.0,143.4,168.4
20100722,01:00,31.35,349.49,20.33,120.5,229.4,349.9
20100722,02:00,27.61,333.9,20.32,160.5,203.3,363.8
20100722,03:00,21.14,320.18,20.31,170.6,182.1,352.7
20100722,04:00,12.64,308.45,20.3,127.9,86.2,214.1
20100722,05:00,2.73,298.37,20.29,75.4,66.4,141.8
20100722,06:00,-8.12,289.4,20.29,50.3,44.8,95.1
20100722,07:00,-19.57,280.97,20.28,0.0,0.0,0.0
20100722,08:00,-31.35,272.44,20.27,0.0,0.0,0.0
20100722,09:00,-43.21,262.87,20.26,0.0,0.0,0.0
20100722,10:00,-54.76,250.51,20.25,0.0,0.0,0.0
20100722,11:00,-65.17,231.28,20.24,0.0,0.0,0.0
20100722,12:00,-71.98,196.71,20.24,0.0,0.0,0.0
20100722,13:00,-70.72,151.84,20.23,0.0,0.0,0.0
20100722,14:00,-62.49,122.39,20.22,0.0,0.0,0.0
20100722,15:00,-51.62,105.71,20.21,0.0,0.0,0.0
20100722,16:00,-39.93,94.4,20.2,0.0,0.0,0.0
20100722,17:00,-28.06,85.24,20.19,0.0,0.0,0.0
20100722,18:00,-16.33,76.81,20.19,0.0,0.0,0.0
20100722,19:00,-5.0,68.3,20.18,0.0,0.0,0.0
20100722,20:00,5.65,59.09,20.17,1.6,4.8,6.4
20100722,21:00,15.25,48.61,20.16,22.7,21.6,44.3
20100722,22:00,23.29,36.35,20.15,135.2,93.6,228.8
20100722,23:00,29.1,22.05,20.14,162.3,114.4,276.7
20100723,00:00,32.01,6.03,20.14,198.2,117.6,315.8
20100723,01:00,31.55,349.46,20.13,275.2,152.5,427.8
20100723,02:00,27.8,333.83,20.12,268.2,145.1,413.4
20100723,03:00,21.31,320.07,20.11,240.4,136.6,377.1
20100723,04:00,12.8,308.33,20.1,109.1,86.0,195.2
20100723,05:00,2.87,298.23,20.09,70.2,62.4,132.6
20100723,06:00,-7.99,289.25,20.09,46.9,42.1,89.1
20100723,07:00,-19.45,280.8,20.08,0.0,0.0,0.0
20100723,08:00,-31.24,272.24,20.07,0.0,0.0,0.0
20100723,09:00,-43.09,262.64,20.06,0.0,0.0,0.0
20100723,10:00,-54.63,250.24,20.05,0.0,0.0,0.0
20100723,11:00,-65.01,230.98,20.04,0.0,0.0,0.0
20100723,12:00,-71.78,196.58,20.03,0.0,0.0,0.0
20100723,13:00,-70.54,152.11,20.03,0.0,0.0,0.0
20100723,14:00,-62.36,122.71,20.02,0.0,0.0,0.0
20100723,15:00,-51.51,105.99,20.01,0.0,0.0,0.0
20100723,16:00,-39.83,94.62,20.0,0.0,0.0,0.0
20100723,17:00,-27.96,85.44,19.99,0.0,0.0,0.0
20100723,18:00,-16.22,76.99,19.98,0.0,0.0,0.0
20100723,19:00,-4.88,68.47,19.97,0.0,0.0,0.0
20100723,20:00,5.78,59.24,19.97,2.6,4.6,7.2
20100723,21:00,15.4,48.75,19.96,27.6,19.3,46.9
20100723,22:00,23.46,36.47,19.95,180.0,79.7,259.8
20100723,23:00,29.3,22.13,19.94,247.0,81.7,328.7
20100724,00:00,32.21,6.06,19.93,279.9,92.8,372.7
20100724,01:00,31.75,349.43,19.92,228.7,173.7,402.4
20100724,02:00,27.99,333.75,19.91,193.9,166.2,360.1
20100724,03:00,21.49,319.95,19.9,167.8,155.0,322.8
20100724,04:00,12.95,308.19,19.9,71.4,88.4,159.8
20100724,05:00,3.01,298.08,19.89,50.8,64.6,115.4
20100724,06:00,-7.86,289.08,19.88,34.1,43.6,77.7
20100724,07:00,-19.33,280.62,19.87,0.0,0.0,0.0
20100724,08:00,-31.12,272.04,19.86,0.0,0.0,0.0
20100724,09:00,-42.97,262.41,19.85,0.0,0.0,0.0
20100724,10:00,-54.49,249.96,19.84,0.0,0.0,0.0
20100724,11:00,-64.85,230.67,19.83,0.0,0.0,0.0
20100724,12:00,-71.57,196.44,19.83,0.0,0.0,0.0
20100724,13:00,-70.35,152.37,19.82,0.0,0.0,0.0
20100724,14:00,-62.21,123.04,19.81,0.0,0.0,0.0
20100724,15:00,-51.39,106.26,19.8,0.0,0.0,0.0
20100724,16:00,-39.72,94.86,19.79,0.0,0.0,0.0
20100724,17:00,-27.85,85.64,19.78,0.0,0.0,0.0
20100724,18:00,-16.11,77.17,19.77,0.0,0.0,0.0
20100724,19:00,-4.75,68.63,19.76,0.0,0.0,0.0
20100724,20:00,5.93,59.4,19.76,3.3,5.0,8.3
20100724,21:00,15.56,48.89,19.75,31.4,20.8,52.3
20100724,22:00,23.64,36.59,19.74,219.8,74.4,294.2
20100724,23:00,29.5,22.21,19.73,214.8,111.5,326.3
20100725,00:00,32.42,6.09,19.72,227.1,130.0,357.1
20100725,01:00,31.96,349.4,19.71,349.0,129.5,478.5
20100725,02:00,28.19,333.66,19.7,362.2,110.8,473.0
20100725,03:00,21.67,319.83,19.69,347.0,97.9,444.9
20100725,04:00,13.12,308.05,19.68,202.7,54.5,257.2
20100725,05:00,3.16,297.92,19.67,135.9,42.5,178.5
20100725,06:00,-7.73,288.91,19.67,91.2,29.0,120.1
20100725,07:00,-19.21,280.44,19.66,0.0,0.0,0.0
20100725,08:00,-31.0,271.84,19.65,0.0,0.0,0.0
20100725,09:00,-42.85,262.17,19.64,0.0,0.0,0.0
20100725,10:00,-54.36,249.68,19.63,0.0,0.0,0.0
20100725,11:00,-64.68,230.35,19.62,0.0,0.0,0.0
20100725,12:00,-71.37,196.29,19.61,0.0,0.0,0.0
20100725,13:00,-70.15,152.62,19.6,0.0,0.0,0.0
20100725,14:00,-62.06,123.36,19.59,0.0,0.0,0.0
20100725,15:00,-51.27,106.54,19.58,0.0,0.0,0.0
20100725,16:00,-39.6,95.09,19.58,0.0,0.0,0.0
20100725,17:00,-27.73,85.84,19.57,0.0,0.0,0.0
20100725,18:00,-15.99,77.36,19.56,0.0,0.0,0.0
20100725,19:00,-4.62,68.81,19.55,0.0,0.0,0.0
20100725,20:00,6.07,59.56,19.54,5.5,4.4,9.9
20100725,21:00,15.73,49.03,19.53,42.1,15.6,57.7
20100725,22:00,23.83,36.71,19.52,255.0,51.6,306.6
20100725,23:00,29.7,22.29,19.51,305.9,59.6,365.5
20100726,00:00,32.64,6.11,19.5,343.9,65.4,409.3
20100726,01:00,32.17,349.36,19.49,430.4,87.1,517.4
20100726,02:00,28.39,333.57,19.48,413.8,84.1,498.0
20100726,03:00,21.85,319.71,19.48,370.9,87.2,458.1
20100726,04:00,13.28,307.9,19.47,180.6,64.0,244.6
20100726,05:00,3.3,297.76,19.46,114.2,52.1,166.4
20100726,06:00,-7.6,288.74,19.45,76.5,35.5,112.0
20100726,07:00,-19.09,280.25,19.44,0.0,0.0,0.0
20100726,08:00,-30.88,271.62,19.43,0.0,0.0,0.0
20100726,09:00,-42.73,261.92,19.42,0.0,0.0,0.0
20100726,10:00,-54.23,249.38,19.41,0.0,0.0,0.0
20100726,11:00,-64.51,230.02,19.4,0.0,0.0,0.0
20100726,12:00,-71.15,196.13,19.39,0.0,0.0,0.0
20100726,13:00,-69.95,152.87,19.38,0.0,0.0,0.0
20100726,14:00,-61.91,123.69,19.37,0.0,0.0,0.0
20100726,15:00,-51.14,106.82,19.37,0.0,0.0,0.0
20100726,16:00,-39.48,95.33,19.36,0.0,0.0,0.0
20100726,17:00,-27.61,86.05,19.35,0.0,0.0,0.0
20100726,18:00,-15.86,77.55,19.34,0.0,0.0,0.0
20100726,19:00,-4.49,68.98,19.33,0.0,0.0,0.0
20100726,20:00,6.22,59.72,19.32,3.7,5.2,8.9
20100726,21:00,15.9,49.18,19.31,28.6,21.7,50.3
20100726,22:00,24.02,36.83,19.3,170.8,92.0,262.8
20100726,23:00,29.91,22.37,19.29,240.7,97.7,338.4
20100727,00:00,32.86,6.14,19.28,269.9,104.9,374.8
20100727,01:00,32.39,349.32,19.27,325.8,125.3,451.0
20100727,02:00,28.6,333.48,19.26,303.8,125.7,429.5
20100727,03:00,22.04,319.58,19.25,268.6,118.3,386.9
20100727,04:00,13.45,307.75,19.24,127.7,73.7,201.4
20100727,05:00,3.45,297.6,19.23,82.6,55.8,138.4
20100727,06:00,-7.46,288.56,19.23,55.4,37.9,93.3
20100727,07:00,-18.96,280.05,19.22,0.0,0.0,0.0
20100727,08:00,-30.76,271.4,19.21,0.0,0.0,0.0
20100727,09:00,-42.6,261.67,19.2,0.0,0.0,0.0
20100727,10:00,-54.09,249.08,19.19,0.0,0.0,0.0
20100727,11:00,-64.34,229.68,19.18,0.0,0.0,0.0
20100727,12:00,-70.93,195.96,19.17,0.0,0.0,0.0
20100727,13:00,-69.74,153.11,19.16,0.0,0.0,0.0
20100727,14:00,-61.74,124.02,19.15,0.0,0.0,0.0
20100727,15:00,-51.0,107.11,19.14,0.0,0.0,0.0
20100727,16:00,-39.36,95.57,19.13,0.0,0.0,0.0
20100727,17:00,-27.49,86.26,19.12,0.0,0.0,0.0
20100727,18:00,-15.73,77.74,19.11,0.0,0.0,0.0
20100727,19:00,-4.34,69.15,19.1,0.0,0.0,0.0
20100727,20:00,6.38,59.88,19.09,6.0,5.0,11.0
20100727,21:00,16.07,49.33,19.08,44.0,16.8,60.8
20100727,22:00,24.22,36.95,19.07,266.7,51.9,318.6
20100727,23:00,30.13,22.45,19.06,321.6,58.4,380.0
20100728,00:00,33.08,6.16,19.05,357.4,66.5,423.9
20100728,01:00,32.62,349.28,19.04,440.0,89.6,529.5
20100728,02:00,28.81,333.38,19.04,397.1,102.8,499.9
20100728,03:00,22.23,319.44,19.03,343.9,109.1,453.0
20100728,04:00,13.61,307.59,19.02,108.2,96.2,204.4
20100728,05:00,3.6,297.42,19.01,76.1,69.1,145.2
20100728,06:00,-7.33,288.38,19.0,51.4,46.9,98.4
20100728,07:00,-18.83,279.85,18.99,0.0,0.0,0.0
20100728,08:00,-30.64,271.18,18.98,0.0,0.0,0.0
20100728,09:00,-42.48,261.41,18.97,0.0,0.0,0.0
20100728,10:00,-53.95,248.77,18.96,0.0,0.0,0.0
20100728,11:00,-64.17,229.34,18.95,0.0,0.0,0.0
20100728,12:00,-70.71,195.79,18.94,0.0,0.0,0.0
20100728,13:00,-69.53,153.35,18.93,0.0,0.0,0.0
20100728,14:00,-61.57,124.35,18.92,0.0,0.0,0.0
20100728,15:00,-50.86,107.4,18.91,0.0,0.0,0.0
20100728,16:00,-39.23,95.82,18.9,0.0,0.0,0.0
20100728,17:00,-27.36,86.48,18.89,0.0,0.0,0.0
20100728,18:00,-15.59,77.93,18.88,0.0,0.0,0.0
20100728,19:00,-4.2,69.33,18.87,0.0,0.0,0.0
20100728,20:00,6.54,60.05,18.86,2.2,6.0,8.2
20100728,21:00,16.26,49.47,18.85,13.7,25.9,39.6
20100728,22:00,24.42,37.07,18.84,127.5,105.9,233.4
20100728,23:00,30.35,22.53,18.83,153.0,127.5,280.5
20100729,00:00,33.32,6.18,18.82,160.4,138.6,299.1
20100729,01:00,32.85,349.23,18.81,214.3,177.2,391.5
20100729,02:00,29.02,333.27,18.8,194.3,171.0,365.3
20100729,03:00,22.42,319.3,18.79,172.6,157.1,329.7
20100729,04:00,13.79,307.43,18.78,84.0,95.0,178.9
20100729,05:00,3.75,297.25,18.77,60.0,71.4,131.4
20100729,06:00,-7.19,288.19,18.76,40.4,48.5,89.0
20100729,07:00,-18.71,279.64,18.75,0.0,0.0,0.0
20100729,08:00,-30.52,270.95,18.74,0.0,0.0,0.0
20100729,09:00,-42.35,261.14,18.73,0.0,0.0,0.0
20100729,10:00,-53.81,248.46,18.72,0.0,0.0,0.0
20100729,11:00,-63.99,228.99,18.71,0.0,0.0,0.0
20100729,12:00,-70.48,195.61,18.7,0.0,0.0,0.0
20100729,13:00,-69.31,153.59,18.69,0.0,0.0,0.0
20100729,14:00,-61.4,124.68,18.68,0.0,0.0,0.0
20100729,15:00,-50.71,107.69,18.67,0.0,0.0,0.0
20100729,16:00,-39.09,96.07,18.66,0.0,0.0,0.0
20100729,17:00,-27.22,86.7,18.65,0.0,0.0,0.0
20100729,18:00,-15.45,78.13,18.64,0.0,0.0,0.0
20100729,19:00,-4.04,69.51,18.63,0.0,0.0,0.0
20100729,20:00,6.71,60.21,18.62,3.6,5.9,9.5
20100729,21:00,16.44,49.63,18.61,31.2,24.4,55.6
20100729,22:00,24.63,37.2,18.6,218.8,87.6,306.4
20100729,23:00,30.57,22.61,18.59,290.9,83.2,374.2
20100730,00:00,33.55,6.19,18.58,345.1,77.9,423.0
20100730,01:00,33.08,349.17,18.57,481.9,62.2,544.1
20100730,02:00,29.24,333.16,18.56,462.5,62.3,524.9
20100730,03:00,22.62,319.15,18.55,425.2,62.1,487.3
20100730,04:00,13.96,307.26,18.54,221.8,52.7,274.5
20100730,05:00,3.91,297.06,18.53,149.9,43.3,193.2
20100730,06:00,-7.05,287.99,18.52,100.8,29.8,130.7
20100730,07:00,-18.58,279.43,18.51,0.0,0.0,0.0
20100730,08:00,-30.39,270.71,18.5,0.0,0.0,0.0
20100730,09:00,-42.22,260.86,18.49,0.0,0.0,0.0
20100730,10:00,-53.66,248.13,18.48,0.0,0.0,0.0
20100730,11:00,-63.81,228.63,18.47,0.0,0.0,0.0
20100730,12:00,-70.25,195.43,18.46,0.0,0.0,0.0
20100730,13:00,-69.08,153.81,18.45,0.0,0.0,0.0
20100730,14:00,-61.22,125.01,18.44,0.0,0.0,0.0
20100730,15:00,-50.56,107.98,18.43,0.0,0.0,0.0
20100730,16:00,-38.95,96.32,18.42,0.0,0.0,0.0
20100730,17:00,-27.08,86.92,18.41,0.0,0.0,0.0
20100730,18:00,-15.3,78.33,18.4,0.0,0.0,0.0
20100730,19:00,-3.89,69.7,18.39,0.0,0.0,0.0
20100730,20:00,6.89,60.38,18.38,1.3,4.4,5.7
20100730,21:00,16.64,49.78,18.37,10.3,17.0,27.3
20100730,22:00,24.84,37.32,18.36,57.6,96.4,154.0
20100730,23:00,30.81,22.69,18.35,70.4,115.1,185.6
20100731,00:00,33.79,6.21,18.34,83.8,129.0,212.8
20100731,01:00,33.32,349.12,18.33,182.9,169.6,352.5
20100731,02:00,29.46,333.04,18.32,172.8,157.8,330.5
20100731,03:00,22.81,319.0,18.31,154.8,152.2,307.1
20100731,04:00,14.13,307.08,18.3,93.7,106.0,199.8
20100731,05:00,4.06,296.87,18.29,55.8,78.8,134.6
20100731,06:00,-6.91,287.79,18.28,37.6,53.5,91.2
20100731,07:00,-18.45,279.21,18.27,0.0,0.0,0.0
20100731,08:00,-30.27,270.47,18.26,0.0,0.0,0.0
20100731,09:00,-42.09,260.58,18.25,0.0,0.0,0.0
20100731,10:00,-53.51,247.8,18.24,0.0,0.0,0.0
20100731,11:00,-63.63,228.26,18.23,0.0,0.0,0.0
20100731,12:00,-70.02,195.24,18.22,0.0,0.0,0.0
20100731,13:00,-68.85,154.03,18.21,0.0,0.0,0.0
20100731,14:00,-61.03,125.34,18.2,0.0,0.0,0.0
20100731,15:00,-50.4,108.28,18.19,0.0,0.0,0.0
20100731,16:00,-38.8,96.57,18.18,0.0,0.0,0.0
20100731,17:00,-26.93,87.14,18.17,0.0,0.0,0.0
20100731,18:00,-15.15,78.53,18.16,0.0,0.0,0.0
20100731,19:00,-3.72,69.88,18.15,0.0,0.0,0.0
20100731,20:00,7.06,60.56,18.14,0.2,8.0,8.1
20100731,21:00,16.83,49.93,18.13,0.3,33.4,33.7
20100731,22:00,25.06,37.45,18.11,2.8,169.2,172.0
20100731,23:00,31.05,22.77,18.1,13.0,199.1,212.1
