Station,Date,Hour_UTC,Frequency_Hz,PLV,Score
FCHU,20260904,0,3.6,0.6025463127302404,6.0254631273024035
FCHU,20260904,0,3.7,0.5556296707493642,5.556296707493642
FCHU,20260904,0,4.7,0.563394780385302,5.63394780385302
FCHU,20260904,0,7.3,0.5746497424325238,5.746497424325238
FCHU,20260904,0,8.1,0.621209507303562,6.21209507303562
FCHU,20260904,0,8.2,0.5776458205710328,5.776458205710328
FCHU,20260904,1,3.4,0.48127882163493607,4.812788216349361
FCHU,20260904,1,3.5,0.5232419949363213,5.232419949363213
FCHU,20260904,1,5.1,0.5711541971729458,5.711541971729458
FCHU,20260904,1,5.2,0.5852569159874407,5.852569159874407
FCHU,20260904,1,7.2,0.5783465425165562,5.783465425165561
FCHU,20260904,1,7.3,0.4619017996873301,4.619017996873301
FCHU,20260904,1,7.5,0.6011593078572167,6.011593078572167
FCHU,20260904,1,8.0,0.5464666511457233,5.464666511457233
FCHU,20260904,1,8.1,0.47634179873856325,4.763417987385632
FCHU,20260904,2,2.8,0.5896984040644427,5.896984040644427
FCHU,20260904,2,3.5,0.5823662500043607,5.823662500043607
FCHU,20260904,2,3.6,0.6040728454098409,6.040728454098408
FCHU,20260904,2,7.2,0.5624206781163694,5.624206781163695
FCHU,20260904,2,7.3,0.5804829332985044,5.804829332985044
FCHU,20260904,2,7.6,0.6543548912247492,6.543548912247492
FCHU,20260904,2,7.7,0.7157088362931224,7.1570883629312245
FCHU,20260904,2,7.8,0.6660653525897298,6.660653525897297
FCHU,20260904,3,2.7,0.6592404322823883,6.5924043228238824
FCHU,20260904,3,7.5,0.7039959820224809,7.0399598202248095
FCHU,20260904,3,7.6,0.7147318642595568,7.147318642595568
FCHU,20260904,3,7.7,0.7375577341986289,7.375577341986289
FCHU,20260904,3,7.8,0.6752686447513917,6.752686447513917
FCHU,20260904,3,7.9,0.6632505966340497,6.6325059663404975
FCHU,20260904,4,7.4,0.6799445057512808,6.799445057512808
FCHU,20260904,4,7.5,0.6878375422444669,6.87837542244467
FCHU,20260904,5,3.7,0.6374069500851695,6.374069500851695
FCHU,20260904,5,5.3,0.6696419804915994,6.696419804915994
FCHU,20260904,5,5.4,0.6534794620517109,6.5347946205171095
FCHU,20260904,5,7.6,0.6367838528844499,6.3678385288445
FCHU,20260904,6,7.3,0.5044479248172195,5.044479248172195
FCHU,20260904,6,7.7,0.5183149286900687,5.1831492869006865
FCHU,20260904,6,7.9,0.5461484902537586,5.461484902537586
FCHU,20260904,6,8.0,0.526028389949049,5.26028389949049
FCHU,20260904,7,4.9,0.4362218917884812,4.362218917884812
FCHU,20260904,7,5.0,0.5119054971831016,5.119054971831016
FCHU,20260904,7,5.1,0.48959733770508485,4.895973377050849
FCHU,20260904,7,5.7,0.4229783505740033,4.229783505740033
FCHU,20260904,7,5.8,0.504982568236557,5.04982568236557
FCHU,20260904,7,6.4,0.46369932032726957,4.636993203272696
FCHU,20260904,7,6.5,0.5214711636965714,5.214711636965714
FCHU,20260904,7,6.6,0.4856296389001814,4.856296389001814
FCHU,20260904,7,6.7,0.5121950009527799,5.121950009527799
FCHU,20260904,7,6.8,0.46137464175591086,4.613746417559109
FCHU,20260904,7,6.9,0.45350002315555044,4.535000231555505
FCHU,20260904,7,7.5,0.4845556204399396,4.845556204399396
FCHU,20260904,7,7.6,0.636431240326469,6.36431240326469
FCHU,20260904,7,7.7,0.7245260486268401,7.245260486268402
FCHU,20260904,7,7.8,0.7259765138133177,7.259765138133178
FCHU,20260904,7,7.9,0.569796918023967,5.697969180239671
FCHU,20260904,7,8.0,0.5784638301395574,5.784638301395574
FCHU,20260904,7,8.1,0.5139673258665836,5.139673258665836
FCHU,20260904,7,8.2,0.46867221850430035,4.686722185043004
FCHU,20260904,7,8.3,0.47992099110509806,4.799209911050981
FCHU,20260904,7,8.4,0.489959144451323,4.89959144451323
FCHU,20260904,7,8.5,0.4826870771635777,4.826870771635777
FCHU,20260904,8,4.9,0.4260431056484478,4.260431056484478
FCHU,20260904,8,6.0,0.41868153471013686,4.186815347101368
FCHU,20260904,8,6.1,0.4523897455512394,4.523897455512394
FCHU,20260904,8,6.2,0.4511292774292856,4.511292774292856
FCHU,20260904,8,6.3,0.4381631621881911,4.381631621881911
FCHU,20260904,8,6.8,0.4739966861627553,4.739966861627553
FCHU,20260904,8,6.9,0.5978422874691182,5.978422874691182
FCHU,20260904,8,7.0,0.5881672758426706,5.881672758426706
FCHU,20260904,8,7.1,0.576754128433276,5.76754128433276
FCHU,20260904,8,7.2,0.6080393813701293,6.080393813701292
FCHU,20260904,8,7.3,0.5322891818803683,5.322891818803683
FCHU,20260904,8,7.4,0.48435162748600674,4.843516274860067
FCHU,20260904,8,7.5,0.540509465516326,5.40509465516326
FCHU,20260904,8,7.6,0.5436765165859702,5.436765165859701
FCHU,20260904,8,7.7,0.6875189773762496,6.875189773762496
FCHU,20260904,8,7.8,0.6101799511212951,6.101799511212951
FCHU,20260904,8,7.9,0.42553746186719826,4.255374618671983
FCHU,20260904,8,8.4,0.39561347465486957,3.956134746548696
FCHU,20260904,9,1.9,0.6286863698225956,6.2868636982259565
FCHU,20260904,9,6.7,0.5796468073716433,5.796468073716433
FCHU,20260904,9,6.8,0.6370236568947096,6.370236568947096
FCHU,20260904,9,6.9,0.6274706706499227,6.274706706499227
FCHU,20260904,9,7.0,0.5965221363473162,5.965221363473162
FCHU,20260904,9,7.5,0.6017210800340502,6.017210800340502
FCHU,20260904,11,1.1,0.5826507840857501,5.826507840857501
FCHU,20260904,11,1.2,0.6010075384752138,6.010075384752138
FCHU,20260904,11,1.3,0.5588866978272825,5.588866978272825
FCHU,20260904,11,1.4,0.5794699057734983,5.7946990577349835
FCHU,20260904,11,1.6,0.6455185498461935,6.455185498461935
FCHU,20260904,11,1.7,0.6536962474502707,6.536962474502706
FCHU,20260904,11,2.6,0.5692884943993927,5.692884943993927
FCHU,20260904,11,2.7,0.5837869222132837,5.837869222132836
FCHU,20260904,11,2.8,0.6027659457001582,6.027659457001581
FCHU,20260904,11,2.9,0.578257630766727,5.78257630766727
FCHU,20260904,12,6.9,0.49022214927909225,4.902221492790923
FCHU,20260904,12,7.0,0.5287600739687636,5.287600739687636
FCHU,20260904,12,7.1,0.44837246132474334,4.483724613247434
FCHU,20260904,12,7.3,0.4725582166912096,4.725582166912096
FCHU,20260904,12,7.4,0.45689209168168216,4.568920916816822
FCHU,20260904,12,7.5,0.4448836239511351,4.448836239511351
FCHU,20260904,12,7.6,0.5517327312645613,5.517327312645613
FCHU,20260904,12,7.7,0.5407403149557547,5.407403149557547
FCHU,20260904,12,7.8,0.6259332559074396,6.259332559074396
FCHU,20260904,12,7.9,0.6879948667173146,6.879948667173146
FCHU,20260904,12,8.0,0.4998195083561023,4.998195083561023
FCHU,20260904,12,8.1,0.5754833837183374,5.754833837183374
FCHU,20260904,12,8.2,0.4819203317194859,4.819203317194859
FCHU,20260904,13,5.5,0.3815023415680851,3.815023415680851
FCHU,20260904,13,5.6,0.3395127397748254,3.395127397748254
FCHU,20260904,13,6.1,0.4689642473190199,4.689642473190199
FCHU,20260904,13,6.2,0.3669462739860468,3.669462739860468
FCHU,20260904,13,7.2,0.3503853518964828,3.503853518964828
FCHU,20260904,13,7.7,0.339942158721887,3.39942158721887
FCHU,20260904,13,7.8,0.3997944330474959,3.997944330474959
FCHU,20260904,13,7.9,0.3536318791861464,3.536318791861464
FCHU,20260904,13,8.4,0.3841025513780848,3.841025513780848
FCHU,20260904,13,8.5,0.3499610669982348,3.4996106699823484
FCHU,20260904,13,9.0,0.3427841140367001,3.427841140367001
FCHU,20260904,14,4.6,0.32456084762648757,3.245608476264876
FCHU,20260904,14,7.2,0.5415121782806596,5.415121782806596
FCHU,20260904,14,7.3,0.48493751324326373,4.8493751324326375
FCHU,20260904,14,7.4,0.5156363054050606,5.156363054050606
FCHU,20260904,14,7.5,0.5270226128785654,5.270226128785654
FCHU,20260904,14,7.6,0.42333913074852886,4.233391307485289
FCHU,20260904,14,7.7,0.4579413093133004,4.579413093133004
FCHU,20260904,14,7.8,0.36649308742985165,3.6649308742985163
FCHU,20260904,14,7.9,0.474410164499778,4.74410164499778
FCHU,20260904,14,8.0,0.32704742801390263,3.2704742801390263
FCHU,20260904,14,8.1,0.32813733529726025,3.2813733529726026
FCHU,20260904,14,8.2,0.38654503563931125,3.8654503563931124
FCHU,20260904,14,8.7,0.406441506295366,4.06441506295366
FCHU,20260904,14,8.8,0.3310447322262519,3.3104473222625193
FCHU,20260904,15,7.1,0.6104140494570446,6.104140494570446
FCHU,20260904,15,7.2,0.5535425478843988,5.5354254788439885
FCHU,20260904,15,7.4,0.5484510511901276,5.484510511901276
FCHU,20260904,15,7.5,0.5653311770840455,5.653311770840455
FCHU,20260904,15,7.6,0.6401049927227632,6.401049927227632
FCHU,20260904,15,7.7,0.6859615000720174,6.859615000720174
FCHU,20260904,16,2.4,0.4560999290887177,4.560999290887177
FCHU,20260904,16,5.9,0.4505757658234263,4.505757658234263
FCHU,20260904,16,7.3,0.4670742711522576,4.670742711522576
FCHU,20260904,16,7.4,0.5153902119371927,5.153902119371927
FCHU,20260904,16,7.5,0.4943843660537454,4.943843660537454
FCHU,20260904,16,7.6,0.5128098881005421,5.128098881005421
FCHU,20260904,17,6.3,0.43143818888706276,4.314381888870628
FCHU,20260904,17,6.4,0.5446718594282001,5.446718594282
FCHU,20260904,17,6.5,0.5015287757140564,5.015287757140564
FCHU,20260904,17,6.6,0.40245885815075627,4.024588581507563
FCHU,20260904,17,7.1,0.4217640356160681,4.217640356160681
FCHU,20260904,17,7.2,0.4281235245161067,4.281235245161067
FCHU,20260904,17,7.3,0.4672525684303041,4.672525684303041
FCHU,20260904,17,7.4,0.5018313748583833,5.018313748583832
FCHU,20260904,17,7.5,0.3727772238601124,3.727772238601124
FCHU,20260904,17,7.6,0.4403026435981918,4.403026435981918
FCHU,20260904,17,7.7,0.5635451387524485,5.635451387524485
FCHU,20260904,17,7.8,0.5393966625329303,5.393966625329303
FCHU,20260904,17,7.9,0.44108749090579225,4.410874909057922
FCHU,20260904,17,8.0,0.5459251130147259,5.459251130147259
FCHU,20260904,17,8.1,0.5795816446678745,5.795816446678746
FCHU,20260904,17,8.2,0.376303263985265,3.76303263985265
FCHU,20260904,18,7.0,0.5153522076964901,5.153522076964902
FCHU,20260904,18,7.4,0.5021983307017261,5.021983307017262
FCHU,20260904,18,7.5,0.6669120373032552,6.669120373032552
FCHU,20260904,18,7.6,0.6461674753003552,6.461674753003552
FCHU,20260904,18,7.7,0.5511181786192261,5.51118178619226
FCHU,20260904,18,8.0,0.5126826256085866,5.126826256085866
FCHU,20260904,18,8.1,0.5375576184741132,5.375576184741132
FCHU,20260904,18,8.2,0.502958169726344,5.02958169726344
FCHU,20260904,18,8.3,0.48630346863339374,4.863034686333937
FCHU,20260904,19,3.4,0.6683986026414555,6.683986026414555
FCHU,20260904,19,7.3,0.6005733309452997,6.005733309452998
FCHU,20260904,19,7.4,0.7066499981541835,7.066499981541835
FCHU,20260904,19,7.5,0.7402583492026119,7.402583492026119
FCHU,20260904,19,7.6,0.7390013162679574,7.390013162679574
FCHU,20260904,19,7.7,0.597821331609206,5.97821331609206
FCHU,20260904,20,4.8,0.5338171386582709,5.338171386582708
FCHU,20260904,20,7.0,0.5693706944910197,5.693706944910197
FCHU,20260904,20,7.1,0.5308275103653802,5.308275103653802
FCHU,20260904,20,7.2,0.6282749262537775,6.2827492625377745
FCHU,20260904,20,7.5,0.5948857271772648,5.948857271772648
FCHU,20260904,20,7.6,0.7093903358474457,7.093903358474457
FCHU,20260904,20,7.7,0.7550838651106406,7.550838651106407
FCHU,20260904,20,7.8,0.6823815666415161,6.823815666415161
FCHU,20260904,20,7.9,0.7853130912673056,7.853130912673056
FCHU,20260904,20,8.0,0.5750997630086417,5.750997630086418
FCHU,20260904,20,8.1,0.5606786211482344,5.606786211482344
FCHU,20260904,21,5.5,0.5216331075566033,5.216331075566033
FCHU,20260904,21,6.0,0.5032308729229568,5.032308729229568
FCHU,20260904,21,6.2,0.48298747327940633,4.829874732794063
FCHU,20260904,21,6.7,0.5653311636071628,5.653311636071629
FCHU,20260904,21,6.8,0.4898534182358194,4.898534182358194
FCHU,20260904,21,7.5,0.49826722305665805,4.98267223056658
FCHU,20260904,21,7.6,0.5780262525685645,5.780262525685646
FCHU,20260904,21,7.7,0.6004416270253056,6.0044162702530555
FCHU,20260904,21,7.8,0.7136794360607975,7.136794360607976
FCHU,20260904,21,7.9,0.6368545484848763,6.368545484848763
FCHU,20260904,21,8.0,0.6223785772741249,6.223785772741249
FCHU,20260904,21,8.1,0.5912466921717655,5.912466921717655
FCHU,20260904,21,8.2,0.5053359262401967,5.053359262401967
FCHU,20260904,22,1.4,0.47547412235560316,4.754741223556032
FCHU,20260904,22,3.3,0.4971778987070638,4.971778987070638
FCHU,20260904,23,3.1,0.48075775271404964,4.807577527140497
FCHU,20260904,23,5.8,0.48072369958495637,4.807236995849563
FCHU,20260904,23,6.8,0.4213207511011899,4.213207511011899
FCHU,20260904,23,6.9,0.41554451565130046,4.155445156513005
FCHU,20260904,23,7.0,0.5027663687902277,5.027663687902278
FCHU,20260904,23,7.1,0.5674019085043083,5.674019085043083
FCHU,20260904,23,7.3,0.4016403008031186,4.016403008031186
FCHU,20260904,23,7.4,0.4239747740963455,4.2397477409634545
FCHU,20260904,23,7.5,0.5515549769420959,5.515549769420959
FCHU,20260904,23,7.6,0.6621348103779134,6.621348103779134
FCHU,20260904,23,7.7,0.5926144808931042,5.926144808931042
FCHU,20260904,23,7.8,0.5015964323499805,5.015964323499805
FCHU,20260904,23,7.9,0.43092596682375356,4.3092596682375355
FSMI,20260904,0,4.9,0.33191392010273124,3.3191392010273124
FSMI,20260904,0,7.5,0.30820708377763884,3.0820708377763886
FSMI,20260904,1,2.1,0.30339791263627347,3.033979126362735
FSMI,20260904,1,4.2,0.35791864504030696,3.5791864504030695
FSMI,20260904,1,4.3,0.3873445789915149,3.873445789915149
FSMI,20260904,1,9.5,0.3316285962256759,3.3162859622567593
FSMI,20260904,2,2.5,0.3618024878004018,3.618024878004018
FSMI,20260904,2,2.6,0.35226017850029867,3.522601785002987
FSMI,20260904,2,2.8,0.38693473918262833,3.8693473918262833
FSMI,20260904,2,2.9,0.32633171932675276,3.2633171932675276
FSMI,20260904,2,5.1,0.41533277970178,4.1533277970178
FSMI,20260904,2,5.2,0.3136007509342793,3.136007509342793
FSMI,20260904,2,7.9,0.32231423842660145,3.2231423842660147
FSMI,20260904,2,8.0,0.32822697410753676,3.2822697410753676
FSMI,20260904,2,8.6,0.30195816023024874,3.0195816023024875
FSMI,20260904,2,8.7,0.36669956221201094,3.666995622120109
FSMI,20260904,2,8.8,0.38370077199236435,3.8370077199236436
FSMI,20260904,2,9.0,0.3200160613436283,3.200160613436283
FSMI,20260904,2,9.3,0.3105068918424752,3.105068918424752
FSMI,20260904,3,1.3,0.3179179998544247,3.179179998544247
FSMI,20260904,3,1.4,0.3151759902343011,3.151759902343011
FSMI,20260904,3,2.7,0.36290091562745835,3.6290091562745834
FSMI,20260904,3,2.8,0.3263047699984603,3.263047699984603
FSMI,20260904,3,4.4,0.3450333739384834,3.450333739384834
FSMI,20260904,3,4.8,0.3364383751527219,3.3643837515272192
FSMI,20260904,3,5.1,0.3472646734278459,3.472646734278459
FSMI,20260904,4,1.3,0.32597864171965063,3.2597864171965063
FSMI,20260904,4,2.3,0.3715382105263307,3.715382105263307
FSMI,20260904,4,3.9,0.4301595114239468,4.301595114239468
FSMI,20260904,4,5.2,0.32121068364123817,3.2121068364123815
FSMI,20260904,4,6.8,0.3077841982352526,3.077841982352526
FSMI,20260904,4,7.0,0.32284761422432456,3.2284761422432458
FSMI,20260904,4,7.1,0.31683312621358634,3.1683312621358635
FSMI,20260904,4,8.2,0.33309907590347676,3.3309907590347674
FSMI,20260904,5,1.5,0.40293991563695775,4.0293991563695775
FSMI,20260904,5,1.6,0.361802967691928,3.6180296769192797
FSMI,20260904,5,6.6,0.3127446551401424,3.127446551401424
FSMI,20260904,6,2.3,0.3140543541597586,3.1405435415975855
FSMI,20260904,6,7.4,0.3252914502787475,3.2529145027874753
FSMI,20260904,6,8.6,0.3485974936402586,3.4859749364025863
FSMI,20260904,7,5.4,0.31315327466327114,3.131532746632711
FSMI,20260904,7,7.8,0.40367346186884284,4.0367346186884285
FSMI,20260904,7,7.9,0.3066855289155459,3.066855289155459
FSMI,20260904,7,8.6,0.30350788984470345,3.0350788984470345
FSMI,20260904,8,4.9,0.3356053205821562,3.3560532058215617
FSMI,20260904,8,6.8,0.30704103682439926,3.0704103682439925
FSMI,20260904,8,6.9,0.3395985612311169,3.3959856123111694
FSMI,20260904,8,7.7,0.3250998551409833,3.2509985514098325
FSMI,20260904,8,8.6,0.325847572072333,3.25847572072333
FSMI,20260904,8,8.7,0.3069101953732736,3.0691019537327358
FSMI,20260904,10,1.7,0.3673092712882655,3.673092712882655
FSMI,20260904,10,3.3,0.3124336329105013,3.124336329105013
FSMI,20260904,10,3.4,0.3496193989715457,3.496193989715457
FSMI,20260904,10,3.5,0.33673949102856343,3.3673949102856344
FSMI,20260904,10,3.7,0.3784099208019309,3.784099208019309
FSMI,20260904,10,3.8,0.38469417604694317,3.8469417604694316
FSMI,20260904,10,3.9,0.44900423548145196,4.49004235481452
FSMI,20260904,10,4.1,0.3553258876161558,3.553258876161558
FSMI,20260904,10,5.2,0.3529259411672492,3.529259411672492
FSMI,20260904,10,5.9,0.32498484394489313,3.2498484394489315
FSMI,20260904,10,7.5,0.331175203267616,3.3117520326761603
FSMI,20260904,10,7.9,0.35746016359189375,3.5746016359189374
FSMI,20260904,11,1.5,0.3853720341133496,3.8537203411334957
FSMI,20260904,11,4.1,0.3709984206896913,3.709984206896913
FSMI,20260904,11,4.2,0.3225740157093548,3.225740157093548
FSMI,20260904,11,6.2,0.3224014260742138,3.224014260742138
FSMI,20260904,11,7.9,0.314501571946652,3.14501571946652
FSMI,20260904,12,3.6,0.30585885508636657,3.0585885508636657
FSMI,20260904,13,1.5,0.33223832408292925,3.3223832408292924
FSMI,20260904,13,2.4,0.31501500058443366,3.1501500058443366
FSMI,20260904,13,3.0,0.3607289190397778,3.6072891903977777
FSMI,20260904,13,6.0,0.30159340125702394,3.0159340125702396
FSMI,20260904,13,6.1,0.3032948693641828,3.032948693641828
FSMI,20260904,13,6.2,0.33293516235168547,3.3293516235168545
FSMI,20260904,13,6.4,0.3160588682989973,3.160588682989973
FSMI,20260904,13,6.7,0.3198995082655582,3.198995082655582
FSMI,20260904,14,1.2,0.36806239414824893,3.680623941482489
FSMI,20260904,14,1.7,0.38107032805727337,3.8107032805727337
FSMI,20260904,14,2.8,0.3391885539586163,3.391885539586163
FSMI,20260904,14,6.6,0.30772579311688825,3.0772579311688824
FSMI,20260904,15,1.7,0.3448614245077621,3.448614245077621
FSMI,20260904,15,2.2,0.34322729086678855,3.4322729086678856
FSMI,20260904,15,3.9,0.34710723910851665,3.4710723910851664
FSMI,20260904,15,7.1,0.35548094381748524,3.5548094381748525
FSMI,20260904,15,7.2,0.3329636868247011,3.329636868247011
FSMI,20260904,15,7.7,0.320662357725138,3.20662357725138
FSMI,20260904,15,9.1,0.3268419980227923,3.268419980227923
FSMI,20260904,16,1.0,0.3860468797781866,3.860468797781866
FSMI,20260904,16,2.4,0.43297207229921186,4.329720722992119
FSMI,20260904,16,4.2,0.3112376825869957,3.1123768258699567
FSMI,20260904,16,5.3,0.30284309902126766,3.0284309902126765
FSMI,20260904,16,6.0,0.32614150673784453,3.2614150673784454
FSMI,20260904,16,6.5,0.30365185544210777,3.0365185544210775
FSMI,20260904,17,7.1,0.31953190108313806,3.1953190108313807
FSMI,20260904,17,7.2,0.3285849636833437,3.2858496368334373
FSMI,20260904,17,9.0,0.3072537334505469,3.072537334505469
FSMI,20260904,18,1.1,0.4059183903971004,4.059183903971004
FSMI,20260904,18,1.2,0.41274555351148473,4.127455535114847
FSMI,20260904,18,7.5,0.3306889084452542,3.3068890844525423
FSMI,20260904,19,4.4,0.3227038783361217,3.227038783361217
FSMI,20260904,19,5.7,0.3599530876132724,3.599530876132724
FSMI,20260904,19,5.9,0.30027368254635817,3.0027368254635816
FSMI,20260904,20,1.2,0.3046444846117573,3.046444846117573
FSMI,20260904,20,6.6,0.3066479642859134,3.066479642859134
FSMI,20260904,20,6.8,0.36774899793497806,3.6774899793497804
FSMI,20260904,20,9.3,0.3311146332665627,3.311146332665627
FSMI,20260904,21,2.3,0.3015322819263595,3.015322819263595
FSMI,20260904,21,2.4,0.32026995601171526,3.2026995601171526
FSMI,20260904,21,6.6,0.4213757176146935,4.213757176146935
FSMI,20260904,21,6.7,0.3855643068920806,3.855643068920806
FSMI,20260904,21,8.2,0.36089705722744414,3.6089705722744414
FSMI,20260904,21,8.7,0.3039569984289239,3.0395699842892387
FSMI,20260904,22,1.3,0.32583105676907426,3.2583105676907427
FSMI,20260904,22,2.1,0.3204053083582706,3.2040530835827057
FSMI,20260904,23,2.3,0.32698541884345106,3.2698541884345107
FSMI,20260904,23,2.4,0.31245130341300864,3.1245130341300866
FSMI,20260904,23,3.2,0.31260361445495216,3.1260361445495217
FSMI,20260904,23,5.0,0.36694830445066207,3.6694830445066207
FSMI,20260904,23,9.1,0.3458531514854716,3.458531514854716
ISLL,20260904,0,1.0,0.5621902263144491,5.6219022631444915
ISLL,20260904,0,1.1,0.5950344151399292,5.950344151399292
ISLL,20260904,0,1.4,0.6506664341054544,6.506664341054544
ISLL,20260904,0,1.5,0.5517554408393411,5.517554408393411
ISLL,20260904,0,1.6,0.5629719668043687,5.629719668043687
ISLL,20260904,0,1.9,0.6808231652203266,6.808231652203266
ISLL,20260904,0,2.0,0.6213512619480654,6.213512619480655
ISLL,20260904,0,2.1,0.5195298691364684,5.195298691364684
ISLL,20260904,0,3.0,0.4986294720573558,4.986294720573558
ISLL,20260904,0,3.1,0.5190587177466016,5.190587177466016
ISLL,20260904,0,3.9,0.44507530053111394,4.45075300531114
ISLL,20260904,0,5.0,0.4285705348076672,4.2857053480766725
ISLL,20260904,0,6.7,0.5270685341334145,5.270685341334145
ISLL,20260904,0,6.8,0.4832432305288467,4.832432305288467
ISLL,20260904,0,6.9,0.5137321461370219,5.1373214613702185
ISLL,20260904,0,9.5,0.46269553788504153,4.626955378850416
ISLL,20260904,1,1.0,0.7476635299591264,7.476635299591265
ISLL,20260904,1,1.1,0.6428117545629647,6.428117545629647
ISLL,20260904,1,1.4,0.6205936378848341,6.2059363788483415
ISLL,20260904,1,1.5,0.6146767225253635,6.146767225253635
ISLL,20260904,1,1.6,0.556243686199761,5.562436861997609
ISLL,20260904,1,1.9,0.4281724317695514,4.281724317695514
ISLL,20260904,1,2.0,0.40886269417357635,4.088626941735764
ISLL,20260904,1,2.1,0.39722388043658574,3.9722388043658574
ISLL,20260904,1,5.9,0.4818019989764699,4.818019989764699
ISLL,20260904,1,6.0,0.37279519549375184,3.7279519549375184
ISLL,20260904,2,1.0,0.624674381345959,6.24674381345959
ISLL,20260904,2,1.1,0.627080016898692,6.27080016898692
ISLL,20260904,2,1.4,0.7495929091416264,7.495929091416263
ISLL,20260904,2,1.5,0.7461171802225244,7.461171802225244
ISLL,20260904,2,1.6,0.745974346878946,7.45974346878946
ISLL,20260904,2,1.8,0.4454862517180403,4.454862517180403
ISLL,20260904,2,1.9,0.7168417939237061,7.16841793923706
ISLL,20260904,2,2.0,0.6904701833771915,6.904701833771915
ISLL,20260904,2,2.1,0.6192189341672379,6.192189341672379
ISLL,20260904,3,1.0,0.7115624865331276,7.1156248653312755
ISLL,20260904,3,1.1,0.7535118405745428,7.535118405745428
ISLL,20260904,3,1.2,0.4607874891081276,4.607874891081276
ISLL,20260904,3,1.6,0.44299010472510525,4.429901047251052
ISLL,20260904,3,1.9,0.5442449178343348,5.442449178343348
ISLL,20260904,3,2.0,0.542129809285101,5.421298092851011
ISLL,20260904,3,2.1,0.5498710735893404,5.498710735893404
ISLL,20260904,3,3.9,0.5263827040898141,5.263827040898141
ISLL,20260904,3,5.9,0.45247791738625276,4.524779173862528
ISLL,20260904,4,1.0,0.7569003495154162,7.569003495154162
ISLL,20260904,4,1.1,0.7902382347014901,7.9023823470149015
ISLL,20260904,4,1.4,0.627376776562302,6.2737677656230195
ISLL,20260904,4,1.5,0.6020036636836085,6.0200366368360845
ISLL,20260904,4,1.6,0.6735304070472804,6.735304070472804
ISLL,20260904,4,1.8,0.5147908374748886,5.147908374748886
ISLL,20260904,4,1.9,0.6616744702620422,6.616744702620422
ISLL,20260904,4,2.0,0.6560768141939949,6.560768141939949
ISLL,20260904,4,2.1,0.6422791008875858,6.4227910088758575
ISLL,20260904,4,5.9,0.45953225337143255,4.5953225337143255
ISLL,20260904,5,1.0,0.5256126081425272,5.256126081425272
ISLL,20260904,5,1.1,0.5040705221715638,5.040705221715638
ISLL,20260904,5,1.4,0.5554313146175883,5.5543131461758835
ISLL,20260904,5,1.5,0.5356806846113975,5.356806846113975
ISLL,20260904,5,1.6,0.5106132831198268,5.106132831198268
ISLL,20260904,5,1.8,0.412231511929278,4.12231511929278
ISLL,20260904,5,1.9,0.6021800331018388,6.021800331018388
ISLL,20260904,5,2.0,0.5259181764235058,5.259181764235058
ISLL,20260904,5,2.1,0.504440816368361,5.0444081636836104
ISLL,20260904,5,6.6,0.4809426395388594,4.809426395388594
ISLL,20260904,5,6.7,0.47033049813494837,4.703304981349484
ISLL,20260904,5,6.9,0.41202453990726007,4.1202453990726005
ISLL,20260904,5,7.0,0.3947884984435131,3.947884984435131
ISLL,20260904,5,8.4,0.4649695119148542,4.649695119148542
ISLL,20260904,6,1.0,0.7567305813600997,7.567305813600997
ISLL,20260904,6,1.1,0.7540343724853652,7.540343724853652
ISLL,20260904,6,1.2,0.557485670728833,5.574856707288331
ISLL,20260904,6,1.3,0.4397626965631067,4.3976269656310665
ISLL,20260904,6,1.4,0.6887539265480868,6.887539265480868
ISLL,20260904,6,1.5,0.6648393035955548,6.648393035955547
ISLL,20260904,6,1.6,0.5849707625235915,5.849707625235915
ISLL,20260904,6,1.9,0.583025643155664,5.83025643155664
ISLL,20260904,6,2.0,0.5145659671982725,5.145659671982726
ISLL,20260904,6,2.1,0.5097773485683441,5.097773485683441
ISLL,20260904,6,3.7,0.3687390509254788,3.6873905092547883
ISLL,20260904,6,4.7,0.3265416216498546,3.2654162164985463
ISLL,20260904,6,4.8,0.40818702120731165,4.081870212073117
ISLL,20260904,6,4.9,0.3901240437084117,3.901240437084117
ISLL,20260904,6,5.5,0.3759055591016046,3.759055591016046
ISLL,20260904,7,1.0,0.61181932416502,6.1181932416502
ISLL,20260904,7,1.1,0.46355234571549286,4.635523457154928
ISLL,20260904,7,1.5,0.4798632686582684,4.798632686582684
ISLL,20260904,7,1.9,0.4265440133380551,4.265440133380551
ISLL,20260904,7,2.0,0.40087654555926183,4.008765455592618
ISLL,20260904,7,3.5,0.4265768191689823,4.265768191689824
ISLL,20260904,7,3.6,0.48209741880615853,4.8209741880615855
ISLL,20260904,7,3.9,0.4821697600562739,4.8216976005627386
ISLL,20260904,7,4.9,0.4178134239220981,4.178134239220981
ISLL,20260904,7,9.0,0.4202247339039962,4.202247339039962
ISLL,20260904,7,9.4,0.418308774849974,4.18308774849974
ISLL,20260904,8,1.0,0.6449438660032828,6.449438660032828
ISLL,20260904,8,1.1,0.6597519390229741,6.597519390229741
ISLL,20260904,8,1.4,0.6751453532497795,6.751453532497795
ISLL,20260904,8,1.5,0.699545453960077,6.99545453960077
ISLL,20260904,8,1.6,0.7017027188609811,7.017027188609811
ISLL,20260904,8,1.8,0.5296760624809596,5.296760624809595
ISLL,20260904,8,1.9,0.6797549688472624,6.797549688472624
ISLL,20260904,8,2.0,0.6914663733621154,6.914663733621154
ISLL,20260904,8,2.1,0.6914151026815799,6.914151026815799
ISLL,20260904,8,2.6,0.4840857687369642,4.840857687369642
ISLL,20260904,8,2.8,0.4731139173432594,4.731139173432594
ISLL,20260904,8,2.9,0.4916210043886833,4.916210043886833
ISLL,20260904,8,3.0,0.481324617870603,4.81324617870603
ISLL,20260904,8,4.8,0.5156419057027505,5.156419057027505
ISLL,20260904,9,1.0,0.6047013809884353,6.047013809884353
ISLL,20260904,9,1.1,0.6234658205519699,6.234658205519699
ISLL,20260904,9,1.2,0.41212895611943867,4.121289561194387
ISLL,20260904,9,1.4,0.46851382216027593,4.6851382216027595
ISLL,20260904,9,1.5,0.49293953269464436,4.929395326946444
ISLL,20260904,9,1.6,0.49414643813766884,4.941464381376688
ISLL,20260904,9,1.9,0.5939788733290042,5.939788733290042
ISLL,20260904,9,2.0,0.6223279519387415,6.223279519387415
ISLL,20260904,9,2.1,0.5907221257373519,5.90722125737352
ISLL,20260904,9,2.4,0.409515828264224,4.09515828264224
ISLL,20260904,9,5.0,0.4944713224508563,4.944713224508563
ISLL,20260904,9,5.1,0.43555228915338107,4.355522891533811
ISLL,20260904,9,5.2,0.42973675831325464,4.297367583132546
ISLL,20260904,10,1.0,0.6141653466060516,6.141653466060516
ISLL,20260904,10,1.1,0.5842437115238348,5.842437115238348
ISLL,20260904,10,1.4,0.48236652130609153,4.823665213060916
ISLL,20260904,10,1.5,0.5740373892767395,5.740373892767395
ISLL,20260904,10,1.6,0.5739724984543899,5.7397249845439
ISLL,20260904,10,1.8,0.49020226990705024,4.9020226990705025
ISLL,20260904,10,1.9,0.4699839988776294,4.6998399887762945
ISLL,20260904,10,2.0,0.4673937408761379,4.673937408761379
ISLL,20260904,10,2.1,0.449193000064204,4.49193000064204
ISLL,20260904,10,2.4,0.5500128589293586,5.500128589293586
ISLL,20260904,10,2.5,0.4656300745585161,4.6563007455851615
ISLL,20260904,10,3.1,0.36945274128847333,3.6945274128847334
ISLL,20260904,10,4.9,0.37506662007964975,3.7506662007964975
ISLL,20260904,10,5.0,0.4061097059064891,4.061097059064891
ISLL,20260904,11,1.0,0.5903881376599331,5.903881376599331
ISLL,20260904,11,1.1,0.6412781134590568,6.412781134590569
ISLL,20260904,11,1.4,0.5926136671833013,5.926136671833014
ISLL,20260904,11,1.5,0.657282493966684,6.57282493966684
ISLL,20260904,11,1.6,0.6899164038934521,6.899164038934521
ISLL,20260904,11,1.7,0.4464178610568656,4.464178610568656
ISLL,20260904,11,4.6,0.3966737287666678,3.9667372876666778
ISLL,20260904,11,4.7,0.3945834275517714,3.945834275517714
ISLL,20260904,11,6.9,0.4171206721141824,4.171206721141824
ISLL,20260904,11,8.2,0.3871835588204357,3.871835588204357
ISLL,20260904,11,8.5,0.4422808511574383,4.422808511574383
ISLL,20260904,11,8.6,0.4076650983340543,4.076650983340543
ISLL,20260904,11,8.9,0.40642644798686395,4.06426447986864
ISLL,20260904,12,1.0,0.4935144309651539,4.935144309651539
ISLL,20260904,12,1.1,0.48217133852442523,4.821713385244252
ISLL,20260904,12,1.4,0.4220519432364465,4.2205194323644655
ISLL,20260904,12,1.5,0.4981261971405466,4.981261971405466
ISLL,20260904,12,1.6,0.5370269092304931,5.370269092304931
ISLL,20260904,12,1.9,0.5180635226281111,5.180635226281111
ISLL,20260904,12,2.0,0.5665229151814909,5.665229151814909
ISLL,20260904,12,2.1,0.5691345406730421,5.691345406730422
ISLL,20260904,12,2.2,0.33859909026153046,3.3859909026153048
ISLL,20260904,12,2.4,0.40049920669076866,4.004992066907686
ISLL,20260904,12,2.9,0.414646413989249,4.14646413989249
ISLL,20260904,12,3.0,0.47308557923027234,4.730855792302723
ISLL,20260904,12,3.1,0.47325763014591865,4.732576301459186
ISLL,20260904,12,3.6,0.3294244324233475,3.294244324233475
ISLL,20260904,12,6.7,0.35303181002542855,3.5303181002542856
ISLL,20260904,13,1.0,0.6826787843673476,6.826787843673476
ISLL,20260904,13,1.1,0.7524384419980205,7.524384419980205
ISLL,20260904,13,1.2,0.52216219137489,5.2216219137488995
ISLL,20260904,13,1.3,0.4472920498138172,4.472920498138172
ISLL,20260904,13,1.4,0.7911037040746645,7.911037040746645
ISLL,20260904,13,1.5,0.7757454467456336,7.757454467456336
ISLL,20260904,13,1.6,0.7587759109462444,7.587759109462445
ISLL,20260904,13,1.7,0.4330194900195819,4.330194900195819
ISLL,20260904,13,1.8,0.4941193189863088,4.941193189863088
ISLL,20260904,13,1.9,0.6011392119869451,6.011392119869451
ISLL,20260904,13,2.0,0.5935600321916401,5.935600321916401
ISLL,20260904,13,2.1,0.6545615466073467,6.545615466073467
ISLL,20260904,13,3.8,0.509402057271455,5.09402057271455
ISLL,20260904,23,1.0,0.6466284063139918,6.466284063139918
ISLL,20260904,23,1.1,0.49826386327210853,4.982638632721085
ISLL,20260904,23,1.4,0.5136670556053153,5.136670556053153
ISLL,20260904,23,1.5,0.6035833111015538,6.035833111015538
ISLL,20260904,23,1.6,0.6557876862168606,6.557876862168605
ISLL,20260904,23,1.9,0.4871998921288639,4.871998921288639
ISLL,20260904,23,2.0,0.49995249793799146,4.999524979379915
ISLL,20260904,23,2.1,0.43661760772173114,4.366176077217311
ISLL,20260904,23,3.8,0.3899794780756164,3.8997947807561637
ISLL,20260904,23,3.9,0.40968639324693523,4.096863932469352
ISLL,20260904,23,4.7,0.4018218714154317,4.018218714154317
ISLL,20260904,23,4.8,0.5368577225430975,5.368577225430975
ISLL,20260904,23,4.9,0.5067779965429758,5.067779965429758
ISLL,20260904,23,5.0,0.38818302869165067,3.8818302869165064
ISLL,20260904,23,5.7,0.44100619246609596,4.41006192466096
MSTK,20260904,0,1.0,0.30933527807495154,3.093352780749515
MSTK,20260904,0,1.1,0.31341078943120604,3.13410789431206
MSTK,20260904,0,3.7,0.33218876711312767,3.3218876711312766
MSTK,20260904,0,5.0,0.3564696798289802,3.564696798289802
MSTK,20260904,0,5.1,0.3390572428207672,3.390572428207672
MSTK,20260904,0,8.0,0.385377574620511,3.85377574620511
MSTK,20260904,0,8.1,0.4776861115961005,4.7768611159610055
MSTK,20260904,0,8.2,0.391994473360049,3.91994473360049
MSTK,20260904,1,1.0,0.3731911910359877,3.731911910359877
MSTK,20260904,1,1.1,0.3846916152911735,3.846916152911735
MSTK,20260904,1,2.6,0.35074057410304266,3.5074057410304267
MSTK,20260904,1,2.7,0.3148156883757414,3.148156883757414
MSTK,20260904,1,3.6,0.39517945601732857,3.9517945601732856
MSTK,20260904,1,3.7,0.3371897332770115,3.371897332770115
MSTK,20260904,1,8.2,0.3341693462352418,3.341693462352418
MSTK,20260904,1,8.3,0.363029149887227,3.6302914988722703
MSTK,20260904,1,9.5,0.34333418754970063,3.4333418754970064
MSTK,20260904,2,1.1,0.31287435897254195,3.1287435897254197
MSTK,20260904,2,1.3,0.38705736797309626,3.8705736797309624
MSTK,20260904,2,1.4,0.4576388442290453,4.576388442290453
MSTK,20260904,2,1.5,0.3675470980492111,3.675470980492111
MSTK,20260904,2,4.9,0.38347142144759655,3.8347142144759654
MSTK,20260904,2,5.1,0.3159535934829926,3.1595359348299263
MSTK,20260904,2,8.7,0.3666845829443207,3.666845829443207
MSTK,20260904,3,2.9,0.3053287680295632,3.0532876802956324
MSTK,20260904,3,3.2,0.32442843878938504,3.2442843878938503
MSTK,20260904,3,4.9,0.3190744456111244,3.1907444561112444
MSTK,20260904,3,6.9,0.3362979730196884,3.362979730196884
MSTK,20260904,4,4.0,0.3133148744795122,3.133148744795122
MSTK,20260904,4,8.9,0.34146525515367065,3.4146525515367063
MSTK,20260904,5,1.1,0.3762134232398366,3.762134232398366
MSTK,20260904,5,1.2,0.34909873741672426,3.4909873741672426
MSTK,20260904,5,1.3,0.31059142692772507,3.1059142692772506
MSTK,20260904,5,5.7,0.33771339138933926,3.3771339138933927
MSTK,20260904,5,5.8,0.3018262841859224,3.018262841859224
MSTK,20260904,5,7.9,0.3117371801196773,3.1173718011967733
MSTK,20260904,6,1.0,0.39885831585286474,3.9885831585286473
MSTK,20260904,6,1.1,0.3141880507059639,3.141880507059639
MSTK,20260904,6,1.2,0.3627432373958572,3.627432373958572
MSTK,20260904,6,2.1,0.30022460697043724,3.0022460697043725
MSTK,20260904,6,6.8,0.3355547136636896,3.355547136636896
MSTK,20260904,6,7.6,0.3326201735536658,3.326201735536658
MSTK,20260904,6,7.7,0.3703886701650137,3.703886701650137
MSTK,20260904,6,8.4,0.34579961592769237,3.4579961592769237
MSTK,20260904,6,8.5,0.3532098911274517,3.532098911274517
MSTK,20260904,7,2.6,0.30810523366141507,3.0810523366141505
MSTK,20260904,7,3.1,0.3458795383793086,3.4587953837930865
MSTK,20260904,7,8.5,0.3278968082390883,3.278968082390883
MSTK,20260904,7,8.6,0.4017160935036771,4.017160935036771
MSTK,20260904,8,1.3,0.33491858909119965,3.3491858909119965
MSTK,20260904,8,2.3,0.3328596364647841,3.328596364647841
MSTK,20260904,8,2.4,0.4454816698789341,4.454816698789341
MSTK,20260904,8,2.5,0.35865036778183196,3.5865036778183197
MSTK,20260904,8,3.3,0.3653691587666078,3.653691587666078
MSTK,20260904,8,4.3,0.3587095143106874,3.5870951431068745
MSTK,20260904,8,6.4,0.36591402705955245,3.6591402705955245
MSTK,20260904,8,6.5,0.3324755940141847,3.3247559401418467
MSTK,20260904,8,8.2,0.34934779161969637,3.4934779161969636
MSTK,20260904,8,9.2,0.3708133240504819,3.708133240504819
MSTK,20260904,8,9.3,0.33977966737882426,3.3977966737882426
MSTK,20260904,9,1.8,0.434774180899632,4.34774180899632
MSTK,20260904,9,1.9,0.48716458252506234,4.871645825250623
MSTK,20260904,9,2.0,0.40345936464965204,4.03459364649652
MSTK,20260904,9,3.2,0.34708903404040825,3.4708903404040825
MSTK,20260904,9,4.4,0.33128140730846717,3.3128140730846716
MSTK,20260904,9,6.3,0.3185142417216485,3.185142417216485
MSTK,20260904,10,1.0,0.35254160483398034,3.525416048339803
MSTK,20260904,10,1.1,0.34339899973136767,3.4339899973136765
MSTK,20260904,10,7.6,0.3292075790804018,3.2920757908040184
MSTK,20260904,10,7.7,0.35850639618731234,3.5850639618731233
MSTK,20260904,10,7.8,0.3245952576665572,3.245952576665572
MSTK,20260904,10,7.9,0.3258879624589233,3.258879624589233
MSTK,20260904,10,8.4,0.33161039792581165,3.3161039792581164
MSTK,20260904,10,9.0,0.3676140035787761,3.676140035787761
MSTK,20260904,11,3.6,0.36014062322031726,3.6014062322031726
MSTK,20260904,11,5.6,0.4044066142445955,4.044066142445955
MSTK,20260904,11,6.7,0.5655148459105271,5.655148459105272
MSTK,20260904,11,6.8,0.3533141572785827,3.533141572785827
MSTK,20260904,11,8.2,0.35447679134153876,3.5447679134153876
MSTK,20260904,12,4.7,0.3406778627164369,3.406778627164369
MSTK,20260904,12,5.7,0.31542145132770955,3.1542145132770956
MSTK,20260904,12,5.9,0.35740395467317726,3.5740395467317727
MSTK,20260904,12,6.0,0.36237684035264733,3.6237684035264732
MSTK,20260904,13,1.3,0.36281315586167945,3.6281315586167944
MSTK,20260904,13,4.4,0.3601236442889249,3.601236442889249
MSTK,20260904,13,6.4,0.3607698234968187,3.6076982349681868
MSTK,20260904,13,6.8,0.308806412277526,3.08806412277526
MSTK,20260904,13,6.9,0.3085335762890958,3.0853357628909577
MSTK,20260904,13,7.4,0.33945299853515554,3.3945299853515554
MSTK,20260904,13,7.5,0.33642004048794893,3.3642004048794893
MSTK,20260904,13,9.0,0.323059944036168,3.2305994403616802
MSTK,20260904,14,1.6,0.33107668468295093,3.3107668468295093
MSTK,20260904,14,7.0,0.33249096265952094,3.3249096265952094
MSTK,20260904,14,7.1,0.3258602836903165,3.258602836903165
MSTK,20260904,14,8.6,0.3268342877866986,3.268342877866986
MSTK,20260904,14,8.7,0.34309158080249824,3.4309158080249826
MSTK,20260904,14,8.8,0.36136278653777887,3.6136278653777887
MSTK,20260904,14,8.9,0.3114613667951474,3.114613667951474
MSTK,20260904,15,2.2,0.3107480935654884,3.107480935654884
MSTK,20260904,15,2.3,0.3025663106627103,3.025663106627103
MSTK,20260904,15,4.8,0.3200345088961501,3.200345088961501
MSTK,20260904,15,7.2,0.32647932265488216,3.2647932265488215
MSTK,20260904,15,9.2,0.3051660817267254,3.051660817267254
MSTK,20260904,16,4.2,0.34409145469338703,3.4409145469338704
MSTK,20260904,16,4.3,0.3063102903992614,3.063102903992614
MSTK,20260904,16,7.0,0.36256757443355964,3.6256757443355965
MSTK,20260904,16,8.9,0.38011002817134937,3.801100281713494
MSTK,20260904,17,4.4,0.35092595729992004,3.5092595729992
MSTK,20260904,17,4.5,0.30599095983561075,3.0599095983561075
MSTK,20260904,17,5.8,0.33208838412161573,3.3208838412161574
MSTK,20260904,17,9.5,0.3001290878473871,3.0012908784738714
MSTK,20260904,18,1.7,0.3705412851469026,3.705412851469026
MSTK,20260904,18,1.8,0.3141571664954679,3.1415716649546788
MSTK,20260904,19,1.2,0.3592545195650545,3.592545195650545
MSTK,20260904,19,2.1,0.3330430847668272,3.3304308476682722
MSTK,20260904,19,2.2,0.3242207776342496,3.242207776342496
MSTK,20260904,19,5.7,0.35357513654718725,3.5357513654718726
MSTK,20260904,19,7.1,0.35961102264413397,3.59611022644134
MSTK,20260904,19,8.4,0.3039822790087194,3.039822790087194
MSTK,20260904,20,1.6,0.3511769753104174,3.5117697531041743
MSTK,20260904,20,2.7,0.32088559020886875,3.2088559020886875
MSTK,20260904,20,2.8,0.3957398432610193,3.957398432610193
MSTK,20260904,20,4.0,0.331756317615502,3.31756317615502
MSTK,20260904,20,4.1,0.31148081780577386,3.1148081780577384
MSTK,20260904,20,4.2,0.32878579874976277,3.2878579874976275
MSTK,20260904,20,4.3,0.31299381017448835,3.1299381017448837
MSTK,20260904,20,8.1,0.3249360554939538,3.249360554939538
MSTK,20260904,20,8.5,0.32063377550416794,3.2063377550416794
MSTK,20260904,20,8.6,0.3239318050013322,3.239318050013322
MSTK,20260904,21,5.5,0.3097166151292997,3.0971661512929973
MSTK,20260904,21,5.6,0.3301036060123513,3.3010360601235127
MSTK,20260904,21,6.1,0.3434736384325235,3.4347363843252348
MSTK,20260904,21,6.2,0.4202593896853159,4.202593896853159
MSTK,20260904,21,8.7,0.3124653548619989,3.124653548619989
MSTK,20260904,22,2.3,0.30091600550933,3.0091600550933
MSTK,20260904,22,2.4,0.300307858412969,3.00307858412969
MSTK,20260904,22,2.5,0.31718552355502305,3.1718552355502307
MSTK,20260904,22,2.6,0.3246265318361191,3.246265318361191
MSTK,20260904,22,2.8,0.3497190824876865,3.4971908248768653
MSTK,20260904,22,4.3,0.34133408367895135,3.4133408367895135
MSTK,20260904,22,7.1,0.3523676037052434,3.523676037052434
MSTK,20260904,22,7.3,0.3063548619081904,3.063548619081904
MSTK,20260904,22,7.4,0.3048709346300097,3.0487093463000967
MSTK,20260904,22,7.5,0.31899131985776236,3.1899131985776235
MSTK,20260904,23,3.6,0.33692401922737936,3.369240192273794
MSTK,20260904,23,5.7,0.34894263587467517,3.4894263587467518
MSTK,20260904,23,5.8,0.3560959077558292,3.560959077558292
MSTK,20260904,23,6.5,0.31930889984077426,3.1930889984077426
MSTK,20260904,23,6.9,0.30335165082874926,3.0335165082874926
PINA,20260904,0,1.2,0.37716272210162,3.7716272210162
PINA,20260904,0,1.3,0.476645125841334,4.7664512584133405
PINA,20260904,0,2.2,0.40843505591843804,4.08435055918438
PINA,20260904,0,4.2,0.41655228717493675,4.165522871749367
PINA,20260904,0,5.7,0.40997034535201526,4.099703453520153
PINA,20260904,0,5.8,0.4148233191103927,4.148233191103927
PINA,20260904,0,5.9,0.4261044771460905,4.261044771460905
PINA,20260904,0,7.6,0.42492741672983914,4.249274167298392
PINA,20260904,0,8.5,0.39682251285140496,3.9682251285140495
PINA,20260904,0,8.6,0.4372686488187389,4.372686488187389
PINA,20260904,0,8.7,0.4635013047513844,4.635013047513844
PINA,20260904,0,8.8,0.5316038275371001,5.316038275371001
PINA,20260904,0,9.1,0.40106589818806243,4.010658981880624
PINA,20260904,0,9.2,0.40466231252701235,4.0466231252701235
PINA,20260904,0,9.3,0.47052434457319375,4.705243445731938
PINA,20260904,0,9.4,0.5192432902106805,5.192432902106805
PINA,20260904,0,9.5,0.6098104187852564,6.098104187852565
PINA,20260904,1,6.1,0.4681144515737386,4.681144515737386
PINA,20260904,1,6.2,0.45185172227796894,4.518517222779689
PINA,20260904,1,6.3,0.442675566939539,4.426755669395391
PINA,20260904,1,6.4,0.4381239271574471,4.38123927157447
PINA,20260904,1,6.8,0.3968810789643395,3.968810789643395
PINA,20260904,1,6.9,0.39227934065542225,3.9227934065542227
PINA,20260904,1,7.0,0.4020328068982639,4.020328068982638
PINA,20260904,1,7.1,0.5309265464524263,5.309265464524263
PINA,20260904,1,7.2,0.3983530568019643,3.983530568019643
PINA,20260904,1,8.6,0.38388974144841265,3.8388974144841264
PINA,20260904,1,9.0,0.38651106755875536,3.8651106755875535
PINA,20260904,1,9.2,0.38266196622006554,3.826619662200655
PINA,20260904,1,9.3,0.4258924800161047,4.258924800161047
PINA,20260904,1,9.4,0.42848347156581756,4.284834715658175
PINA,20260904,1,9.5,0.5435843965212377,5.435843965212377
PINA,20260904,2,1.0,1.0,10.0
PINA,20260904,2,1.1,1.0,10.0
PINA,20260904,2,1.2,1.0,10.0
PINA,20260904,2,1.3,1.0,10.0
PINA,20260904,2,1.4,1.0,10.0
PINA,20260904,2,1.5,1.0,10.0
PINA,20260904,2,1.6,1.0,10.0
PINA,20260904,2,1.7,1.0,10.0
PINA,20260904,2,1.8,1.0,10.0
PINA,20260904,2,1.9,1.0,10.0
PINA,20260904,2,2.0,1.0,10.0
PINA,20260904,2,2.1,1.0,10.0
PINA,20260904,2,2.2,1.0,10.0
PINA,20260904,2,2.3,1.0,10.0
PINA,20260904,2,2.4,1.0,10.0
PINA,20260904,2,2.5,1.0,10.0
PINA,20260904,2,2.6,1.0,10.0
PINA,20260904,2,2.7,1.0,10.0
PINA,20260904,2,2.8,1.0,10.0
PINA,20260904,2,2.9,1.0,10.0
PINA,20260904,2,3.0,1.0,10.0
PINA,20260904,2,3.1,1.0,10.0
PINA,20260904,2,3.2,1.0,10.0
PINA,20260904,2,3.3,1.0,10.0
PINA,20260904,2,3.4,1.0,10.0
PINA,20260904,2,3.5,1.0,10.0
PINA,20260904,2,3.6,1.0,10.0
PINA,20260904,2,3.7,1.0,10.0
PINA,20260904,2,3.8,1.0,10.0
PINA,20260904,2,3.9,1.0,10.0
PINA,20260904,2,4.0,1.0,10.0
PINA,20260904,2,4.1,1.0,10.0
PINA,20260904,2,4.2,1.0,10.0
PINA,20260904,2,4.3,1.0,10.0
PINA,20260904,2,4.4,1.0,10.0
PINA,20260904,2,4.5,1.0,10.0
PINA,20260904,2,4.6,1.0,10.0
PINA,20260904,2,4.7,1.0,10.0
PINA,20260904,2,4.8,1.0,10.0
PINA,20260904,2,4.9,1.0,10.0
PINA,20260904,2,5.0,1.0,10.0
PINA,20260904,2,5.1,1.0,10.0
PINA,20260904,2,5.2,1.0,10.0
PINA,20260904,2,5.3,1.0,10.0
PINA,20260904,2,5.4,1.0,10.0
PINA,20260904,2,5.5,1.0,10.0
PINA,20260904,2,5.6,1.0,10.0
PINA,20260904,2,5.7,1.0,10.0
PINA,20260904,2,5.8,1.0,10.0
PINA,20260904,2,5.9,1.0,10.0
PINA,20260904,2,6.0,1.0,10.0
PINA,20260904,2,6.1,1.0,10.0
PINA,20260904,2,6.2,1.0,10.0
PINA,20260904,2,6.3,1.0,10.0
PINA,20260904,2,6.4,1.0,10.0
PINA,20260904,2,6.5,1.0,10.0
PINA,20260904,2,6.6,1.0,10.0
PINA,20260904,2,6.7,1.0,10.0
PINA,20260904,2,6.8,1.0,10.0
PINA,20260904,2,6.9,1.0,10.0
PINA,20260904,2,7.0,1.0,10.0
PINA,20260904,2,7.1,1.0,10.0
PINA,20260904,2,7.2,1.0,10.0
PINA,20260904,2,7.3,1.0,10.0
PINA,20260904,2,7.4,1.0,10.0
PINA,20260904,2,7.5,1.0,10.0
PINA,20260904,2,7.6,1.0,10.0
PINA,20260904,2,7.7,1.0,10.0
PINA,20260904,2,7.8,1.0,10.0
PINA,20260904,2,7.9,1.0,10.0
PINA,20260904,2,8.0,1.0,10.0
PINA,20260904,2,8.1,1.0,10.0
PINA,20260904,2,8.2,1.0,10.0
PINA,20260904,2,8.3,1.0,10.0
PINA,20260904,2,8.4,1.0,10.0
PINA,20260904,2,8.5,1.0,10.0
PINA,20260904,2,8.6,1.0,10.0
PINA,20260904,2,8.7,1.0,10.0
PINA,20260904,2,8.8,1.0,10.0
PINA,20260904,2,8.9,1.0,10.0
PINA,20260904,2,9.0,1.0,10.0
PINA,20260904,2,9.1,1.0,10.0
PINA,20260904,2,9.2,1.0,10.0
PINA,20260904,2,9.3,1.0,10.0
PINA,20260904,2,9.4,1.0,10.0
PINA,20260904,2,9.5,1.0,10.0
PINA,20260904,3,1.3,0.6473161730107262,6.473161730107262
PINA,20260904,3,1.4,0.668455613796383,6.684556137963829
PINA,20260904,3,8.8,0.7001899661125635,7.001899661125634
PINA,20260904,4,6.7,0.7348533935272001,7.348533935272002
PINA,20260904,4,9.3,0.734883990117676,7.34883990117676
PINA,20260904,4,9.5,0.7344151137921793,7.344151137921793
PINA,20260904,5,1.0,0.7448870611297036,7.4488706112970355
PINA,20260904,5,1.2,0.6726349332121238,6.726349332121238
PINA,20260904,5,1.3,0.7926253131900526,7.926253131900526
PINA,20260904,5,1.4,0.7588918897242952,7.588918897242952
PINA,20260904,5,1.5,0.6977753481994265,6.977753481994266
PINA,20260904,5,1.6,0.6754821282713596,6.754821282713595
PINA,20260904,5,1.7,0.6954479492601183,6.954479492601183
PINA,20260904,5,1.9,0.6571099206297442,6.571099206297442
PINA,20260904,5,2.1,0.6596561484747204,6.5965614847472045
PINA,20260904,5,2.8,0.6511144351749808,6.511144351749808
PINA,20260904,5,6.8,0.6536047997673178,6.536047997673178
PINA,20260904,6,1.0,0.6569782910546397,6.5697829105463965
PINA,20260904,6,1.2,0.7269447399710157,7.269447399710157
PINA,20260904,6,1.5,0.6464383516245518,6.464383516245517
PINA,20260904,6,1.6,0.6579323805479154,6.579323805479154
PINA,20260904,6,2.0,0.654452086426749,6.54452086426749
PINA,20260904,6,2.1,0.6588507814911153,6.588507814911154
PINA,20260904,6,2.2,0.6648034795845023,6.648034795845023
PINA,20260904,6,2.3,0.6627374865535496,6.627374865535495
PINA,20260904,6,2.4,0.6708845057889603,6.708845057889603
PINA,20260904,6,3.2,0.659404709003256,6.59404709003256
PINA,20260904,7,1.0,0.6392866790337527,6.392866790337527
PINA,20260904,7,1.2,0.5876623472971474,5.876623472971474
PINA,20260904,7,1.3,0.6078109204757944,6.078109204757944
PINA,20260904,7,1.6,0.5654106177607593,5.654106177607593
PINA,20260904,7,4.9,0.6514864072876828,6.514864072876828
PINA,20260904,7,5.0,0.5834060742081337,5.834060742081338
PINA,20260904,7,5.8,0.566474942580897,5.664749425808971
PINA,20260904,7,5.9,0.640487484311378,6.40487484311378
PINA,20260904,7,6.0,0.5719239607157541,5.719239607157541
PINA,20260904,7,8.6,0.5659228583381308,5.659228583381308
PINA,20260904,7,9.5,0.6152134470730779,6.152134470730779
PINA,20260904,8,5.2,0.6439039254691712,6.439039254691712
PINA,20260904,8,5.3,0.7027474830865273,7.027474830865273
PINA,20260904,8,5.4,0.6158176583939144,6.158176583939144
PINA,20260904,8,9.3,0.6155295945493388,6.155295945493387
PINA,20260904,9,1.8,0.6292955887230103,6.292955887230103
PINA,20260904,10,1.6,0.642552404469472,6.42552404469472
PINA,20260904,10,4.9,0.6409589790195855,6.409589790195856
PINA,20260904,10,5.0,0.7277264600973381,7.277264600973381
PINA,20260904,10,8.6,0.6455510291658333,6.455510291658333
PINA,20260904,11,1.2,0.6431161053482707,6.431161053482707
PINA,20260904,11,1.3,0.6243733516462061,6.243733516462061
PINA,20260904,11,1.4,0.6809354473672142,6.809354473672142
PINA,20260904,11,1.5,0.6213801699771556,6.213801699771556
PINA,20260904,11,2.7,0.6985908114005492,6.985908114005492
PINA,20260904,11,2.8,0.6964510768937919,6.964510768937919
PINA,20260904,11,4.8,0.6421653528059639,6.421653528059639
PINA,20260904,11,4.9,0.736809528823045,7.36809528823045
PINA,20260904,11,5.0,0.7650417328539973,7.650417328539973
PINA,20260904,11,5.1,0.6896872742813461,6.8968727428134615
PINA,20260904,12,2.0,0.6990414304761507,6.990414304761508
PINA,20260904,12,6.7,0.6366933620562737,6.366933620562737
PINA,20260904,12,7.1,0.6373784389821259,6.3737843898212585
PINA,20260904,12,8.0,0.708004680518939,7.080046805189389
PINA,20260904,12,9.3,0.7123596689596192,7.123596689596193
PINA,20260904,12,9.4,0.6921886932145038,6.921886932145038
PINA,20260904,12,9.5,0.7046414141638273,7.046414141638273
PINA,20260904,13,1.0,0.5422385179436697,5.422385179436697
PINA,20260904,13,1.7,0.6029361315354484,6.0293613153544845
PINA,20260904,13,1.8,0.6181145313812921,6.181145313812921
PINA,20260904,13,1.9,0.6182938507431962,6.182938507431962
PINA,20260904,13,2.0,0.5928808062027019,5.928808062027019
PINA,20260904,13,2.7,0.5343708810087636,5.343708810087636
PINA,20260904,14,2.0,0.5921026623797413,5.921026623797413
PINA,20260904,14,2.1,0.6031670177968529,6.031670177968529
PINA,20260904,14,2.2,0.5743088708367771,5.743088708367771
PINA,20260904,14,3.3,0.6105775073553441,6.105775073553441
PINA,20260904,14,4.7,0.537765437039228,5.37765437039228
PINA,20260904,14,5.6,0.5244573668151086,5.2445736681510855
PINA,20260904,14,6.7,0.56752829112995,5.675282911299499
PINA,20260904,14,7.2,0.5333245481138476,5.3332454811384755
PINA,20260904,15,5.2,0.5475507352585801,5.475507352585801
PINA,20260904,15,5.3,0.5626765022955438,5.626765022955437
PINA,20260904,15,8.2,0.5210193454158757,5.210193454158757
PINA,20260904,16,1.7,0.5229654875539269,5.2296548755392696
PINA,20260904,16,3.0,0.49350281047892475,4.9350281047892475
PINA,20260904,16,3.7,0.47740256812702064,4.774025681270206
PINA,20260904,16,5.0,0.4930929249567314,4.930929249567314
PINA,20260904,16,5.9,0.47867354204023116,4.786735420402311
PINA,20260904,16,6.3,0.4840275857806125,4.840275857806125
PINA,20260904,16,7.6,0.5163816129248363,5.163816129248363
PINA,20260904,17,3.2,0.5478293596988965,5.478293596988965
PINA,20260904,17,3.3,0.5736646480405849,5.736646480405849
PINA,20260904,17,7.7,0.5532796695760747,5.532796695760746
PINA,20260904,17,7.8,0.6288272078821728,6.288272078821729
PINA,20260904,17,7.9,0.5238479167017289,5.238479167017289
PINA,20260904,17,8.0,0.5608849935630772,5.608849935630772
PINA,20260904,17,8.1,0.5321613016491025,5.321613016491025
PINA,20260904,17,8.6,0.5648029067407836,5.648029067407836
PINA,20260904,17,9.5,0.5508899793754971,5.508899793754971
PINA,20260904,18,2.8,0.5473822418603785,5.473822418603786
PINA,20260904,18,2.9,0.5786129173012333,5.786129173012333
PINA,20260904,18,4.4,0.5707954494413529,5.707954494413529
PINA,20260904,18,7.5,0.5760161700150525,5.760161700150524
PINA,20260904,18,7.6,0.5642502223882518,5.642502223882518
PINA,20260904,18,7.7,0.600895581344332,6.00895581344332
PINA,20260904,18,7.8,0.5495858308673414,5.495858308673414
PINA,20260904,18,8.0,0.5527624457106163,5.527624457106163
PINA,20260904,18,8.1,0.5553284554485125,5.553284554485125
PINA,20260904,18,8.3,0.5708226206494467,5.708226206494467
PINA,20260904,19,6.1,0.5851638812858594,5.851638812858594
PINA,20260904,19,7.1,0.5720896847127084,5.720896847127084
PINA,20260904,19,7.2,0.6831631211721823,6.831631211721822
PINA,20260904,19,7.3,0.6715235675533655,6.7152356755336555
PINA,20260904,19,7.4,0.699901131158874,6.99901131158874
PINA,20260904,19,7.5,0.7247341937544027,7.247341937544027
PINA,20260904,19,7.6,0.6127050999511129,6.127050999511129
PINA,20260904,19,7.8,0.5677913927292065,5.677913927292066
PINA,20260904,19,7.9,0.6158134351373986,6.158134351373986
PINA,20260904,19,8.0,0.6370640707034393,6.370640707034393
PINA,20260904,19,8.1,0.6091823848003809,6.091823848003809
PINA,20260904,20,1.9,0.6460885575284038,6.4608855752840375
PINA,20260904,20,4.6,0.6042389045060403,6.042389045060403
PINA,20260904,20,7.6,0.6371183703085801,6.371183703085801
PINA,20260904,20,7.7,0.7235817750907756,7.235817750907756
PINA,20260904,20,7.8,0.5911889911534435,5.911889911534435
PINA,20260904,21,1.2,0.563550438598443,5.63550438598443
PINA,20260904,21,1.4,0.5639579853617374,5.639579853617374
PINA,20260904,21,3.8,0.5988798339740911,5.98879833974091
PINA,20260904,21,5.5,0.5980522106340244,5.980522106340244
PINA,20260904,21,6.2,0.6104302494357094,6.1043024943570945
PINA,20260904,21,6.3,0.6120957718723614,6.120957718723615
PINA,20260904,22,1.5,0.6262229010354093,6.262229010354093
PINA,20260904,22,1.6,0.6315532999303283,6.315532999303283
PINA,20260904,22,7.5,0.6256557067632992,6.256557067632992
PINA,20260904,22,7.6,0.6540747516143327,6.540747516143327
PINA,20260904,22,9.5,0.6286645209916506,6.2866452099165056
PINA,20260904,23,1.0,0.59502714512991,5.950271451299099
PINA,20260904,23,1.1,0.6244390800513789,6.24439080051379
PINA,20260904,23,1.6,0.6465005634180659,6.46500563418066
PINA,20260904,23,1.7,0.62409004751214,6.2409004751214
PINA,20260904,23,2.9,0.6270821988781483,6.270821988781483
PINA,20260904,23,3.3,0.6936000595919418,6.936000595919419
PINA,20260904,23,3.4,0.7383406497715737,7.383406497715736
PINA,20260904,23,3.8,0.6288747872354482,6.288747872354482
