Frequency_Hz,Mean_PLV,Median_PLV
6.8,0.37249473861617877,0.39370464489661794
6.801,0.3761326669050749,0.4065376239742415
6.802,0.37877248536193503,0.40729118644374596
6.803,0.38087370619423516,0.4082837680958006
6.804,0.383311200315735,0.40819563146015136
6.805,0.3860169591743188,0.412459506694193
6.806,0.387146336877517,0.4366574238650354
6.807,0.3881198879039744,0.4378627603382538
6.808,0.3905575618477454,0.43983442399832073
6.809,0.3928206349198196,0.44296799412213317
6.81,0.3953938540106415,0.4366179451936376
6.811,0.3970019694651417,0.4254333988779678
6.812,0.3978180220294199,0.4112025433722327
6.813,0.3978682192904628,0.39659180225838936
6.814,0.39745935863081366,0.381643887551373
6.815,0.39674816058914675,0.3799311920753633
6.816,0.3962879160869852,0.36856558219235924
6.817,0.39555663211608866,0.36732784828410725
6.818,0.39474591050647706,0.3760012816464001
6.819,0.3931890619890018,0.39574135075505
6.82,0.39126778484335606,0.38576532772138517
6.821,0.3889599779777719,0.3681261594037697
6.822,0.3862333160626959,0.3608155812103062
6.823,0.38418173931316196,0.3549973379163915
6.824,0.3845883619450792,0.3505963366588244
6.825,0.3853115762019315,0.35646163681963067
6.826,0.3871385080913716,0.3670285019879961
6.827,0.3888745272231117,0.3768386517790424
6.828,0.3904263467679319,0.3894794462597705
6.829,0.3915189106510482,0.40201123905251734
6.83,0.3918771018948486,0.4126473197234469
6.831,0.3915569316377508,0.4178983734458299
6.832,0.39138505389296346,0.41405744644552117
6.833,0.39150457827154006,0.41037216934313053
6.834,0.3910496287818237,0.40757084129464805
6.835,0.3901101751809611,0.3953851682673438
6.836,0.38823085323041656,0.38189553131283693
6.837,0.3848886553382614,0.3687977404766107
6.838,0.38089591898107367,0.36366384377092
6.839,0.3762360018298765,0.36553837612032636
6.84,0.37088270234972676,0.357837008113141
6.841,0.3650113707092973,0.34791989371839205
6.842,0.3587725688605005,0.3355437570423039
6.843,0.3520723046426566,0.321300747178087
6.844,0.3454213133844684,0.3066225399646635
6.845,0.33888010974217636,0.2955602315290221
6.846,0.33307207831642616,0.2852374149551936
6.847,0.32799165245201495,0.27559353974009704
6.848,0.32351653311359835,0.2822238578474877
6.849,0.31878197755268706,0.29488386576992287
6.85,0.3127715672406557,0.3031050223667874
6.851,0.3100401891640256,0.30588294236456937
6.852,0.30761775390420015,0.303046947088831
6.853,0.305095382083083,0.30057284641985593
6.854,0.30231192721840644,0.2968576515698005
6.855,0.2994260324664346,0.2765408674543879
6.856,0.29610252430291695,0.2508051154082853
6.857,0.2920351576139978,0.23182692968045374
6.858,0.28818817654961065,0.23255696424583633
6.859,0.28467142885473934,0.2332629546064184
6.86,0.28129033009737237,0.2348760757234551
6.861,0.27829229440575537,0.22690555251088151
6.862,0.2751282897716752,0.23051580883571984
6.863,0.2728029841406139,0.23897712307726854
6.864,0.2709450425759882,0.23655557830482726
6.865,0.2698154476182453,0.22608236632860718
6.866,0.26934700403293416,0.21762534961710783
6.867,0.2699771469046008,0.22388581384917633
6.868,0.27114484324719224,0.23020401978128058
6.869,0.27272808912538,0.21009486046877895
6.87,0.27448918024663066,0.21164685318966303
6.871,0.2771736893027102,0.21892959335860263
6.872,0.27901204342012337,0.21975708687407347
6.873,0.28042628968115435,0.22175772403739422
6.874,0.28147746920406314,0.22125409476533264
6.875,0.28196796375299904,0.22142370690258995
6.876,0.2822249712135432,0.23078391106259727
6.877,0.2831129221749395,0.2390688473125655
6.878,0.2865671276903098,0.24740764678668883
6.879,0.29032349654673456,0.2383506157199752
6.88,0.2972668163049879,0.2363162051228567
6.881,0.30247325418491167,0.2487636280382847
6.882,0.30718148545189083,0.26091629118355986
6.883,0.3125232157819851,0.269645855974049
6.884,0.3165701277351341,0.28131257556679995
6.885,0.3210186538149288,0.28756723583954047
6.886,0.32570861932258194,0.284628950082177
6.887,0.3293709372770178,0.27961803442911193
6.888,0.3317954267378775,0.2746838793594024
6.889,0.3325359023257389,0.2802548012644656
6.89,0.33330124687262186,0.2929084557383438
6.891,0.3330138983630535,0.2991136711320498
6.892,0.3329067870884594,0.30879345912049494
6.893,0.33419564461404366,0.3275883330519572
6.894,0.33623508391376317,0.34621596976245456
6.895,0.33703370987434317,0.35110706465046543
6.896,0.3377280862031356,0.3497716981820074
6.897,0.3435005899115358,0.35887324433323103
6.898,0.3500873379010723,0.36166412226863986
6.899,0.3558866629686992,0.3644323714571515
6.9,0.36082195811485446,0.36724092792140123
6.901,0.36566867039913103,0.3702091405877667
6.902,0.37007702685059796,0.37364309479454894
6.903,0.37270265487523035,0.37829644986436206
6.904,0.3739688118021056,0.3847641141980325
6.905,0.37463933393954457,0.3836778949322399
6.906,0.37396027101788926,0.3786943487461327
6.907,0.37192942243674204,0.383256975941036
6.908,0.36987675961109456,0.3865395956432698
6.909,0.3681340963958862,0.3964792410354031
6.91,0.3667540250445774,0.397175900366176
6.911,0.3649585035857404,0.3882247044743855
6.912,0.36228622076916844,0.3748396683027434
6.913,0.35985455205416333,0.364445856160012
6.914,0.35782482042384917,0.3610947965771256
6.915,0.3555267056591234,0.3616272086995295
6.916,0.35317171722083796,0.3570074911059542
6.917,0.3511181539691457,0.36103963747387724
6.918,0.34969055605999194,0.3664762339969188
6.919,0.348398071615043,0.37126742906083593
6.92,0.3471460582146926,0.3756709514537687
6.921,0.3464226526049317,0.3738145257303688
6.922,0.3461119708177536,0.3830858963230017
6.923,0.34575044301573005,0.3924187152638353
6.924,0.3454262525831024,0.3879512463074202
6.925,0.34582874189974405,0.3779585678224543
6.926,0.346465800847894,0.3666141904696978
6.927,0.3459370509052336,0.3548362601000858
6.928,0.3451026262789206,0.3513121937990954
6.929,0.34421285431849763,0.34753938835831627
6.93,0.3429930966235828,0.3557386398617817
6.931,0.34258217817578673,0.3510294561877605
6.932,0.34287834059868705,0.35657462402134205
6.933,0.3440348001958293,0.364124052747249
6.934,0.34566936731822634,0.3679779595448419
6.935,0.3462698702076932,0.36902852034858624
6.936,0.34637679237770885,0.36854306530424086
6.937,0.3463422621969013,0.36256331821124654
6.938,0.34678724998281735,0.3556009158654536
6.939,0.34718827297527405,0.34793008055666397
6.94,0.347100160159495,0.34979515350075263
6.941,0.34552095446696346,0.3586422599606457
6.942,0.3419955973477466,0.36727742488041915
6.943,0.337351416084305,0.3714837543428613
6.944,0.332246312789893,0.3477782818390558
6.945,0.33009626650270846,0.34014492438661803
6.946,0.3298998046763179,0.331043903560323
6.947,0.33037150254008435,0.3297027344909198
6.948,0.3327879190292195,0.3320874255697871
6.949,0.33636360131043824,0.3261878774380296
6.95,0.33969435400280723,0.3264544758018963
6.951,0.34161080170878705,0.32359083113333753
6.952,0.3429828995420505,0.3153668079285498
6.953,0.34419286482269956,0.3124531893744894
6.954,0.3451020629281128,0.3144011900925217
6.955,0.34417013584053846,0.3025011408567818
6.956,0.3432682765413651,0.3071933694922857
6.957,0.3429412525340832,0.3288170798276542
6.958,0.3441599562679167,0.3329859548872838
6.959,0.34611074994579366,0.33701656265245306
6.96,0.34729769210970934,0.3435732896978755
6.961,0.3480911959071074,0.3535229674270097
6.962,0.3491981705152922,0.3676522748843608
6.963,0.3506485653917723,0.3788070253729182
6.964,0.35174027153348536,0.378264096289585
6.965,0.3526149303936339,0.37430052488989285
6.966,0.3531444048961369,0.3710370013424735
6.967,0.3543756466821044,0.37016531950259235
6.968,0.35385985460150576,0.3681563447496825
6.969,0.3525797016475518,0.36554960725176905
6.97,0.3516610284304545,0.3608819055389783
6.971,0.34979224597804315,0.3500546857122895
6.972,0.3484586467710345,0.34728521748543284
6.973,0.34687163902287454,0.34007669623204795
6.974,0.3452840871826938,0.32663556582697817
6.975,0.3440812273121556,0.3185833557600819
6.976,0.3408549051179961,0.32473627186415777
6.977,0.3385287333938489,0.3271012813988591
6.978,0.3363700169746056,0.32960447400897486
6.979,0.3343560642936898,0.33191807866419054
6.98,0.332678541293235,0.33225215654227214
6.981,0.3304933607765234,0.3281168607779465
6.982,0.32811364889575745,0.30754687776998296
6.983,0.3258694028167088,0.29053034880194295
6.984,0.3245432281995633,0.2864534996324009
6.985,0.3232042647924629,0.2853659346109284
6.986,0.32220837225019955,0.29774415746641897
6.987,0.32076750803747545,0.3000451420519409
6.988,0.3190987265852752,0.29650053296512935
6.989,0.31823082117050117,0.29877564539499063
6.99,0.31879382548787455,0.2995276829527864
6.991,0.31985071261974357,0.3002896368174234
6.992,0.32122767858743567,0.2993024982365353
6.993,0.3228681390773554,0.29419623634938874
6.994,0.3242092239219912,0.2919980842178851
6.995,0.3254748997296476,0.3014449789243855
6.996,0.32642170972189616,0.311412932251908
6.997,0.3270540821859839,0.31306729997781174
6.998,0.3275350310954485,0.31587538321246506
6.999,0.32882670197414376,0.3205713579092971
7.0,0.33113042810875054,0.32648949208589817
7.001,0.3340333137879447,0.3333581541888804
7.002,0.3369486851377501,0.34092531810647697
7.003,0.34000136583602214,0.3454291110207889
7.004,0.3431493368854062,0.34629510682689246
7.005,0.34613198588549915,0.3460980502424056
7.006,0.3486946344376498,0.3449480246863449
7.007,0.3516445486690003,0.34254091838275413
7.008,0.35464001329980754,0.34304315783309114
7.009,0.35684715134834755,0.34748230197986607
7.01,0.35668623173042974,0.3530054932934542
7.011,0.35624861341466424,0.3590326266253182
7.012,0.3567354265211972,0.3650975766662763
7.013,0.3576224751290944,0.36552771737647216
7.014,0.35813119060647475,0.3639953389279248
7.015,0.3574769730001473,0.3686413995270549
7.016,0.35547439628510696,0.37862346582966366
7.017,0.35194834233881234,0.38055606039719914
7.018,0.34632009456788654,0.37796199511457895
7.019,0.3402127595904338,0.37557006688626826
7.02,0.33607636592571893,0.3736013874026082
7.021,0.33395773105393145,0.36730358284725106
7.022,0.33214848229893507,0.35827612281981014
7.023,0.33068595763686726,0.3461986281569378
7.024,0.32934719337306845,0.35315938716144646
7.025,0.32783876186756056,0.33926441499731236
7.026,0.3258249092775097,0.32687983818932265
7.027,0.3256941477031937,0.3166773939039463
7.028,0.32596055123860684,0.3230906431618502
7.029,0.32660499432619905,0.33114757658389404
7.03,0.3275045445195042,0.32224000482296034
7.031,0.32937737157785646,0.3026134522236437
7.032,0.3314469628432197,0.2868285900588793
7.033,0.33433537532729796,0.27253921707717016
7.034,0.33856580925125007,0.2890512651120416
7.035,0.3409279780143925,0.30074476302768116
7.036,0.34125293657362876,0.30855598533789613
7.037,0.34179649924654615,0.3130725646817205
7.038,0.3430713603862343,0.3403295157949041
7.039,0.34474712990190176,0.362224249626924
7.04,0.3462033885388031,0.36045914711940785
7.041,0.3473468778936158,0.35713155830994386
7.042,0.3474898660088747,0.3543855397376313
7.043,0.3464088857817152,0.341378155724568
7.044,0.34656629769247593,0.3294095981294813
7.045,0.3482812808387176,0.32018696977015293
7.046,0.35016565991984533,0.31374035143761614
7.047,0.35158147716223764,0.310546469044648
7.048,0.3535019032015452,0.3144591131893246
7.049,0.3567320326375311,0.314545432201494
7.05,0.3587078398794779,0.3238645500757451
7.051,0.36084284630965224,0.32858533186056804
7.052,0.362433981189109,0.33739067983632476
7.053,0.36352588255783175,0.35019604870890003
7.054,0.36269293686705667,0.3622708418986849
7.055,0.3588423681660921,0.34815710422456786
7.056,0.3572885496450247,0.3366886365279851
7.057,0.3579231934724793,0.34638792684287756
7.058,0.3590559497541707,0.35771224926495215
7.059,0.3612167607845453,0.361243564058876
7.06,0.363713192044143,0.36463902308621576
7.061,0.36677920970412003,0.3618621077152021
7.062,0.3704111621861234,0.3505044200426392
7.063,0.3734981063756755,0.3388808305733274
7.064,0.376704249258959,0.3266900941666351
7.065,0.3797981247496042,0.32319729761607074
7.066,0.3833179006680277,0.340353866819491
7.067,0.38764763636369937,0.3598652491758314
7.068,0.3913171468436316,0.36399688662176677
7.069,0.3954056985921895,0.37247762901002346
7.07,0.3999399066740188,0.38167674969569676
7.071,0.4051167829087688,0.3896905312290217
7.072,0.41007709486329874,0.4021859051641907
7.073,0.41486378098794446,0.41866409459445747
7.074,0.4186465558199752,0.44784621301388594
7.075,0.4208222405774506,0.4602917745887859
7.076,0.4229957033031478,0.4566635173542015
7.077,0.4252608812072216,0.4549566939447821
7.078,0.4272887375505545,0.4566489388686519
7.079,0.42882876677949283,0.4484778820608087
7.08,0.4288966630135212,0.43793783110261014
7.081,0.4282866974128439,0.44256540086587415
7.082,0.42599379941285065,0.4350552517307289
7.083,0.4240105585143143,0.42094347960052614
7.084,0.4205840169236415,0.4133693024438251
7.085,0.4163711361084515,0.40668126669366234
7.086,0.41218876423178297,0.40577759313093253
7.087,0.4080098415134293,0.40576362071487804
7.088,0.40435007644857385,0.40588983862408606
7.089,0.4000781722927122,0.4067573806067906
7.09,0.39646073029318535,0.4042503444251464
7.091,0.3932048613037796,0.40761100782189996
7.092,0.39045346182549673,0.39608529628517514
7.093,0.38709255743703136,0.37344282195615097
7.094,0.3868405210374229,0.38284731870785005
7.095,0.3891088543749277,0.3857765958926933
7.096,0.38901453064456487,0.3962601002444577
7.097,0.3878386101763684,0.38623763306371767
7.098,0.3857587778534361,0.3763749276651715
7.099,0.3822399158474812,0.37128210645836973
7.1,0.3772929591192489,0.3646675948255278
7.101,0.3731054252186165,0.3675979074712408
7.102,0.3697575461795964,0.3726213539586203
7.103,0.3683003708553587,0.3802654563194048
7.104,0.3662014727869111,0.3825175966817211
7.105,0.3644565668769832,0.38124553638726877
7.106,0.3622727898918478,0.3827960532599128
7.107,0.36086988221052047,0.3835042256044139
7.108,0.35952872706569344,0.3803242266934094
7.109,0.3575985410533746,0.373284130565403
7.11,0.3544107737574611,0.3646623495354291
7.111,0.35056722136116597,0.35886444191083144
7.112,0.34614177677021013,0.3451395707100537
7.113,0.3407769226918269,0.34273627847272137
7.114,0.3350880355182688,0.33371789126517726
7.115,0.3287233323175957,0.328612715674681
7.116,0.3232475936423284,0.31548847558341014
7.117,0.3186637268208175,0.31088031409963973
7.118,0.31433052203286277,0.31600189563394276
7.119,0.31029255022292646,0.31700606402036835
7.12,0.3069189164751043,0.3140564890591816
7.121,0.30387911383165855,0.3096541432281481
7.122,0.30084393678475957,0.2960611709911094
7.123,0.2979057733003385,0.2819021337132155
7.124,0.2949134248660025,0.2805825264542241
7.125,0.2922138271297439,0.28513120109401485
7.126,0.28988336223482364,0.28547337115136584
7.127,0.28805651659916726,0.2906966449406603
7.128,0.28737248471111243,0.2903624036178323
7.129,0.2886998075832127,0.30043416058504313
7.13,0.29338892350626283,0.3071057046234449
7.131,0.2968668197609381,0.30797024595662126
7.132,0.29946376746081654,0.3155280381294499
7.133,0.3015294669303448,0.3210451115333769
7.134,0.3035798330332821,0.3250182950986046
7.135,0.30529705977299354,0.32624953751063646
7.136,0.30674337656725686,0.3260812423113681
7.137,0.3087349462026034,0.3240347501904418
7.138,0.30920150175843075,0.3209094187284407
7.139,0.30945975698017475,0.313095631496223
7.14,0.31143149531152153,0.3068240729749464
7.141,0.3137667373192062,0.30127638278336255
7.142,0.31680430665568576,0.2969170737508716
7.143,0.3196901142753151,0.2942398677424827
7.144,0.3217437263022714,0.30350775370855165
7.145,0.3220953918621275,0.3146587738767392
7.146,0.32323116039304706,0.29677923842422027
7.147,0.3246409005959422,0.29849345208403943
7.148,0.32569181640422906,0.31259367439946295
7.149,0.3273606743337777,0.313325846704369
7.15,0.3301947722883322,0.31494102358717135
7.151,0.33137139378709884,0.31549786336078045
7.152,0.3322529482864219,0.3203297799038705
7.153,0.3341395557084001,0.3276074025694794
7.154,0.3363996989455316,0.32431778515820875
7.155,0.33947129195535203,0.31417731003463334
7.156,0.3425861236693409,0.3193054399121146
7.157,0.3450436608617405,0.32396309811152435
7.158,0.34791950266354577,0.32714137673672267
7.159,0.3500933998786589,0.3263621561647551
7.16,0.35007934113225064,0.3199210512453565
7.161,0.351425319932459,0.32285588065391047
7.162,0.3506761456221261,0.3220913438493098
7.163,0.34737483559288446,0.32559793385205116
7.164,0.3462902611292599,0.3205180716302394
7.165,0.34424054693416056,0.3222213781625959
7.166,0.34320525360908866,0.32489255566291875
7.167,0.34205234316740135,0.3260190433357084
7.168,0.3415785720503388,0.3258669313039163
7.169,0.3407715878103775,0.32436425053990764
7.17,0.33928769365353956,0.3269297280488069
7.171,0.33920686422472324,0.33701042762225275
7.172,0.3387544900223573,0.3445073017955177
7.173,0.33894342415868045,0.3456620318385578
7.174,0.3406814527444207,0.3452675213286336
7.175,0.34158051042513615,0.3453341765744591
7.176,0.3422639337025138,0.3458869574724285
7.177,0.34373038349875434,0.34654893537215214
7.178,0.34525604866339443,0.34710348935697966
7.179,0.34630083438091536,0.34801121706527605
7.18,0.3466966988215198,0.35291218629461074
7.181,0.345827236061941,0.3546602952317717
7.182,0.3437955495258987,0.3564864369057773
7.183,0.34198783196571264,0.3582262008577285
7.184,0.3419710205509774,0.36090000323708915
7.185,0.3408944429486187,0.3644666596194859
7.186,0.33924910324696594,0.3701426779779885
7.187,0.33852228876917284,0.36827669082077774
7.188,0.3393303453028989,0.3650222716391249
7.189,0.3390803447614478,0.351647702784459
7.19,0.33831241334337475,0.31767186289429494
7.191,0.3383421581371964,0.3106485664665938
7.192,0.33670253732867,0.3025639661155841
7.193,0.33462675690971005,0.29298142254463905
7.194,0.3312462371456689,0.2975777468340177
7.195,0.328140330112411,0.29909779687134075
7.196,0.3250820646672907,0.2999256130303526
7.197,0.32253650529004946,0.30394696397054366
7.198,0.32223803528350087,0.30106080656745665
7.199,0.3213399671052464,0.2936853102360426
7.2,0.3210154305648935,0.2887164509291429
7.201,0.32132009412035833,0.2880353015003674
7.202,0.3250682547262503,0.292499694029951
7.203,0.3279747695792936,0.3000156238539279
7.204,0.33127620821860226,0.2957905093600249
7.205,0.33566656855110133,0.3002000624152476
7.206,0.3410417881039478,0.3057191661659998
7.207,0.34748643778576077,0.3132122974787078
7.208,0.35373965394745643,0.3211850121978046
7.209,0.35873241118265,0.33200458410363065
7.21,0.36217086008401217,0.34035226186025114
7.211,0.36280268629949886,0.34362766056659305
7.212,0.3636970497305629,0.33049828463332487
7.213,0.36562778852362876,0.33756790397117786
7.214,0.3681352184440996,0.35234101101737236
7.215,0.37134526439996574,0.35878386690832187
7.216,0.37417382830862667,0.3598625650856305
7.217,0.3771037953146845,0.3593575430833157
7.218,0.3796035815723162,0.3645966174449996
7.219,0.38116524958741343,0.36711941259928327
7.22,0.38216112422283893,0.3685567557520072
7.221,0.38278576591951446,0.3676069496409923
7.222,0.3828552318029,0.36413955205540244
7.223,0.38380223070882574,0.36076630830400236
7.224,0.38433922832454953,0.3681728687763256
7.225,0.3834621600986483,0.36527912007923447
7.226,0.381190688014424,0.3630322052904463
7.227,0.3764093826624035,0.3602020564482745
7.228,0.3718699148576554,0.3610891318161039
7.229,0.36815529736252417,0.3400603305104963
7.23,0.362079949357696,0.34145146649159164
7.231,0.3549920233999589,0.3424429110353513
7.232,0.3477794437617813,0.34258272980978366
7.233,0.34134730036663097,0.33741941047519175
7.234,0.33565528227690994,0.3274207591637247
7.235,0.33166087106374814,0.3108028336541188
7.236,0.3281021263165986,0.30984181424163315
7.237,0.323939111667048,0.3019952037525608
7.238,0.3199497643999883,0.29007853692875646
7.239,0.3164824355799616,0.2899072874955336
7.24,0.31359623849993495,0.2977734238999048
7.241,0.3112742217084394,0.30828972944763866
7.242,0.30972337325433147,0.31988065334443605
7.243,0.3081881500886055,0.31761906900716663
7.244,0.3054348235616709,0.3144778059197983
7.245,0.30328993369343465,0.30518850127299985
7.246,0.30105156707180664,0.28303257994660247
7.247,0.29926342496213865,0.2619703908897194
7.248,0.29804272574840235,0.2471763838511726
7.249,0.29758507143227786,0.24704157050466574
7.25,0.29886446949239,0.2552526032848589
7.251,0.30221459173532667,0.2704732936858828
7.252,0.304700051321471,0.28159376256327096
7.253,0.30696899421996643,0.3001470691506158
7.254,0.30984686092913305,0.30904253411494775
7.255,0.3131945352817828,0.3090137271624954
7.256,0.3161515089568876,0.3101194334346925
7.257,0.317844029224724,0.3171718856846619
7.258,0.31819824596724516,0.3176168285805998
7.259,0.3177953712490755,0.3174626701205483
7.26,0.31791342215117685,0.3166520850413387
7.261,0.3195389026522473,0.31530837742715523
7.262,0.3202150152080924,0.31207769516142
7.263,0.3209361369662102,0.307447946524806
7.264,0.32003731760271065,0.2978214519863418
7.265,0.31921212992048015,0.29374949177431786
7.266,0.3179358158560618,0.2982300202452187
7.267,0.315371642240831,0.2951429094828426
7.268,0.31279215633762586,0.28288480750597556
7.269,0.309056773980237,0.2743516368578157
7.27,0.3031432972039413,0.2646902063776489
7.271,0.29837981902305466,0.2624253740813348
7.272,0.29851865776773095,0.264176088009602
7.273,0.30045513989951517,0.26847260811613965
7.274,0.30258632547885983,0.27134454856342605
7.275,0.30513670779284735,0.271616403784833
7.276,0.30878233876162203,0.26744178970871507
7.277,0.31200088840275253,0.26991239110251697
7.278,0.3148371724976093,0.27042756869347895
7.279,0.3163674403338488,0.25725832564159146
7.28,0.3184413211699115,0.25682166222104613
7.281,0.32125146850168607,0.2733895079354057
7.282,0.3245035533015,0.2889927812703462
7.283,0.328113240887476,0.30373779313476434
7.284,0.3311156293303778,0.32005137997806665
7.285,0.3347221880609626,0.34522893734920945
7.286,0.33794967923167674,0.3676100708860771
7.287,0.34154457103874,0.3713945902114864
7.288,0.3463905122651036,0.36950919830367895
7.289,0.3514760194944402,0.3684370995623205
7.29,0.35667401505749136,0.36902134939552306
7.291,0.36159722092068564,0.38278283289248405
7.292,0.36578151714980417,0.3933406920893395
7.293,0.36891201060454254,0.3985569196621692
7.294,0.3709504709948217,0.4014405257436996
7.295,0.3724193804939246,0.398702854698051
7.296,0.3739671576015649,0.3910768689309484
7.297,0.37371097596732006,0.39063025053907063
7.298,0.3736521594766549,0.393134064827102
7.299,0.37440107982373844,0.39074773592631873
7.3,0.3750638732929239,0.38749434376527037
7.301,0.3755664563173526,0.3882124411765773
7.302,0.3758824800044387,0.3823740877022891
7.303,0.3757844064831293,0.3840469907824416
7.304,0.37484948882155905,0.38319912629954356
7.305,0.3734369728536579,0.3741419724786955
7.306,0.37145973377595043,0.3753902052376683
7.307,0.36967232475166467,0.3767592366931741
7.308,0.3673421962541977,0.3695523257641842
7.309,0.3651211560105571,0.36174625597406357
7.31,0.3628860253358372,0.3524845752795719
7.311,0.36034627222250487,0.3428314652866515
7.312,0.35780823054750344,0.3324817773566673
7.313,0.3544667535208494,0.32066713294045396
7.314,0.35035651470050916,0.3110676316877873
7.315,0.34724429414872865,0.31056359087395913
7.316,0.34308044775368624,0.3121154014132588
7.317,0.33986331843013384,0.31345034561991947
7.318,0.33716366468624476,0.3147910152048671
7.319,0.3346402539793856,0.31512696981216776
7.32,0.3321857828911774,0.31337672796680993
7.321,0.3297393092896948,0.3186584986935256
7.322,0.32749380819830004,0.32911985496731466
7.323,0.32621036151170996,0.32742233734714943
7.324,0.32557163296050357,0.32177411535143075
7.325,0.32490211135698804,0.3223630813433853
7.326,0.3241702333542649,0.31914148150720717
7.327,0.3234163228578482,0.3151044937681734
7.328,0.32241491507544745,0.3054553507147416
7.329,0.32126477094661504,0.2957872435027186
7.33,0.31971893998896944,0.30323941696121426
7.331,0.3210442697823683,0.2995742603694882
7.332,0.3235598010403381,0.29592532558943013
7.333,0.327037681649309,0.29845545967799636
7.334,0.33145540862037276,0.2951750501055077
7.335,0.33567041340738113,0.29217035538652314
7.336,0.337913552280406,0.2922991062708804
7.337,0.33965164274191956,0.2966931296330364
7.338,0.34045943195754313,0.30075695390084706
7.339,0.3406110074944037,0.30509641288163075
7.34,0.34050334666825943,0.30984760997788985
7.341,0.3394809003661244,0.3097658076505256
7.342,0.3383617735384063,0.3154220029279875
7.343,0.3380326198966684,0.3258628447136569
7.344,0.3390478546962102,0.33260731424208634
7.345,0.3420208411109731,0.34196216445407823
7.346,0.34410854510175737,0.346060071050469
7.347,0.34599874994016017,0.34784172837891897
7.348,0.34672416922753285,0.35375049221264365
7.349,0.347040634917368,0.361943834091258
7.35,0.3475469705066641,0.37543259296364895
7.351,0.3484599884143657,0.38094374280565124
7.352,0.3501616363610385,0.380673627044215
7.353,0.3521377134932931,0.3797487558700518
7.354,0.3539073867443266,0.3779347491337931
7.355,0.35597032873610984,0.3703091213367605
7.356,0.35717173607673686,0.3673982169271956
7.357,0.3595427581052592,0.3770144144837884
7.358,0.3611602873369097,0.3837314381201349
7.359,0.3625494133482266,0.3885748583014045
7.36,0.36312929232548474,0.3905987642537141
7.361,0.3629472827543229,0.38689655727442995
7.362,0.3626810978964639,0.3834931335288779
7.363,0.36154667349156205,0.37721939794266174
7.364,0.36058753401929033,0.3688848975132558
7.365,0.35845334318797817,0.35853741483993035
7.366,0.35681484072071484,0.35199436049475696
7.367,0.35486012884235324,0.3461778018546685
7.368,0.35178186439268594,0.3430550635434558
7.369,0.3483028997408206,0.3377886395313521
7.37,0.34422330960854136,0.34282801304410127
7.371,0.3384147214846292,0.32826210042023685
7.372,0.33205437829608025,0.3071923482935016
7.373,0.3269186063318749,0.2934710254145986
7.374,0.32254912911389805,0.2869342359360313
7.375,0.3196030100292421,0.2863497168987962
7.376,0.3168181683614629,0.28076063728344697
7.377,0.3145730313070443,0.278206676117152
7.378,0.31326306985245816,0.2750769635873136
7.379,0.31270838542450446,0.26563570241146905
7.38,0.31296892498852874,0.2539117830606711
7.381,0.3143689890029308,0.24723405014989497
7.382,0.3164030295823724,0.2473264390523767
7.383,0.31864384973941523,0.2542377260159869
7.384,0.3223113759124647,0.26046573698312453
7.385,0.3252120312892902,0.26628562263160305
7.386,0.3274446931712447,0.2694804260455602
7.387,0.3297303707791563,0.26902612071733595
7.388,0.33100111081268563,0.2808737396076423
7.389,0.332212167236633,0.284510032971648
7.39,0.3343413125053584,0.2886202798756903
7.391,0.3367388809228222,0.29234555368649706
7.392,0.3385268478476792,0.2959316138416949
7.393,0.3396973625468946,0.30142235351320984
7.394,0.34107893634197123,0.30647412948614294
7.395,0.3432255032227575,0.31436731099066145
7.396,0.34566843251468254,0.3256235773915229
7.397,0.34776405312773084,0.33314882405689794
7.398,0.3496979613224489,0.3371850463118847
7.399,0.3509464062088881,0.33072570712869914
7.4,0.35256242859135595,0.32253659058232065
7.401,0.35579776928792106,0.33298401083647977
7.402,0.3584975005472358,0.35226532779565434
7.403,0.36102887849282833,0.35065199850108075
7.404,0.36317803997481235,0.3463052784255148
7.405,0.36558154589459635,0.35329507156874557
7.406,0.36835469919935115,0.35860431003638116
7.407,0.3710239556528283,0.3597665573345725
7.408,0.37334241152085484,0.36596157765259163
7.409,0.3750901096092163,0.36594346590198457
7.41,0.3759794325205181,0.36017344970497955
7.411,0.3758022768433778,0.3527147131165669
7.412,0.37548156059475235,0.3485726399146382
7.413,0.374929632097975,0.34936900875824883
7.414,0.3739690351250111,0.35079695558490065
7.415,0.3729884854191841,0.3460677295981532
7.416,0.3721033124821704,0.3416202573644042
7.417,0.3715979078544398,0.34420800262522105
7.418,0.3715233698353518,0.3538449583163215
7.419,0.3715371091133704,0.33886096208602967
7.42,0.37026332022378144,0.3304705899164235
7.421,0.36783576635478404,0.32134926205474923
7.422,0.3633989254939736,0.32316125386201544
7.423,0.3572223959657605,0.3157588015072962
7.424,0.35219302252297074,0.31936931794857937
7.425,0.34756259453881383,0.3219774855381868
7.426,0.3442336640228223,0.333646845355938
7.427,0.34146161196788477,0.336938473669109
7.428,0.3393288735636331,0.3392945722083063
7.429,0.33952130818082965,0.33986416345455495
7.43,0.3412221004467267,0.35886909554068686
7.431,0.34258918082085016,0.3476618636195702
7.432,0.34420305159774783,0.3303252664826226
7.433,0.3472414352816511,0.3255437978386443
7.434,0.3507799953000184,0.32437251353119
7.435,0.3539129174422386,0.3263831296980081
7.436,0.3578468892274336,0.32231301276209817
7.437,0.360119727188154,0.31492898021317484
7.438,0.36273277003975535,0.31495446830071233
7.439,0.3651286875777732,0.31856302094701106
7.44,0.3659799748808476,0.32030339642669425
7.441,0.3657481459343154,0.31598952022749816
7.442,0.36571482531620686,0.3191699425375223
7.443,0.3647808946626901,0.32329867111626015
7.444,0.3628781610768372,0.32405089768548195
7.445,0.3610004726259521,0.3118430998587102
7.446,0.3591438007578493,0.3158802109674263
7.447,0.3570391814015737,0.32001392523823646
7.448,0.3555817948356888,0.32284033973350906
7.449,0.35397662672799934,0.3309250650182364
7.45,0.3542985910312306,0.3475958811463055
7.451,0.35635503797657275,0.3592390806089529
7.452,0.3604120080926551,0.35979701897014327
7.453,0.36591172073666156,0.3638836185014893
7.454,0.3712347021245835,0.36901180379161713
7.455,0.37570205935330164,0.3663824680056978
7.456,0.3779328336504915,0.35211523914178633
7.457,0.3796032895675629,0.34661931971257554
7.458,0.3807844398102027,0.3440056215393352
7.459,0.38162174808664223,0.347156084024403
7.46,0.380665892210539,0.34774853655526394
7.461,0.379328782390664,0.34614718243329645
7.462,0.3765916436844286,0.3341743779848386
7.463,0.37466898304865914,0.33359737045032134
7.464,0.37353257493968317,0.349511090954517
7.465,0.3708705902632817,0.3478313343309364
7.466,0.36682295287220024,0.35285385011732107
7.467,0.3621247997618158,0.3543840829181052
7.468,0.35694960727490005,0.35356056160920757
7.469,0.3517183463364702,0.3560338623922098
7.47,0.34739477240660493,0.3394886975343838
7.471,0.3436687569109809,0.33741025214768594
7.472,0.33981015089826566,0.333326047717039
7.473,0.33559376860368734,0.32837788318252076
7.474,0.3313471930026824,0.3245646519406582
7.475,0.3270551942614555,0.32462385149343226
7.476,0.3226327437684404,0.3209421525395284
7.477,0.3184897584410042,0.3059305508161613
7.478,0.31439435794117004,0.29549839667209993
7.479,0.31240426908283025,0.28932289583661974
7.48,0.31231755978386305,0.29585454279494566
7.481,0.3138608987528188,0.29553249657643726
7.482,0.3136623348550311,0.29136853669287544
7.483,0.31255622030988467,0.30016748032432616
7.484,0.31134742526992176,0.30320012273892316
7.485,0.30931946824323037,0.3049283280376871
7.486,0.3074233669781953,0.28714203289291895
7.487,0.30514307398597057,0.2726340232095957
7.488,0.3034369762780464,0.2653635861590325
7.489,0.30305184275717306,0.2690295938900463
7.49,0.30275636084852714,0.2738093000889447
7.491,0.3026610798418378,0.2800818875290858
7.492,0.30329798667220337,0.27934730885007564
7.493,0.30433802055812936,0.2736335233479791
7.494,0.3038013956536956,0.2778614231219393
7.495,0.3013992801057556,0.2808155671360707
7.496,0.2977667399098667,0.2854638951044932
7.497,0.29434871752630776,0.28262693330941546
7.498,0.29166200343685095,0.26783643838142995
7.499,0.2896462055463716,0.25484403326085175
7.5,0.2875398361846792,0.2505704718975079
7.501,0.286317468338702,0.25835010128595376
7.502,0.2861017231220289,0.2559527766833333
7.503,0.2879274513845363,0.2587811556288759
7.504,0.29264073040123345,0.2709784657749379
7.505,0.29862646955433475,0.28377404316891897
7.506,0.3038498061199287,0.2935359666110776
7.507,0.307818252659983,0.30533377056636013
7.508,0.3111652960436992,0.30910574023344817
7.509,0.31320349372769424,0.31388246457523883
7.51,0.3157290456117638,0.32197873400442273
7.511,0.3169955018924832,0.32297778726551785
7.512,0.31765318465943443,0.323056077581802
7.513,0.3179887677446706,0.3266857027044797
7.514,0.31867489938374366,0.3288619526592058
7.515,0.3202029095299063,0.32462351795494926
7.516,0.3218107546497266,0.3281334649639669
7.517,0.3235597241470218,0.332111520369175
7.518,0.32622493554944304,0.32092651049126586
7.519,0.3280970859275812,0.3096718413358692
7.52,0.3295194696534598,0.3025297282834448
7.521,0.32777872137663083,0.31305002089252054
7.522,0.3266596338890322,0.3194854674935936
7.523,0.32638171532585486,0.3242640772998384
7.524,0.32695257872534605,0.3269415234645253
7.525,0.3283189928821205,0.3263772106295484
7.526,0.329901195441933,0.32812258723079757
7.527,0.3314225868281444,0.32405220107253074
7.528,0.33186185906938825,0.31717651926600643
7.529,0.3317432663326671,0.3138466914763012
7.53,0.3338785938716766,0.312479052615933
7.531,0.33702905467794425,0.31140060498624145
7.532,0.3407601218568192,0.31081321175629484
7.533,0.34561148624224053,0.31256932851002
7.534,0.34847738411976,0.3163134835034076
7.535,0.34878093001620064,0.3169562187168559
7.536,0.34815407419221395,0.3168477168484087
7.537,0.346641325469955,0.31539348645752097
7.538,0.3448863067260622,0.3127775476730168
7.539,0.34278022576847905,0.3087174214183813
7.54,0.34017271885337425,0.3028140582046709
7.541,0.33789481764309093,0.29808858585324677
7.542,0.3358749987356519,0.29690321667012354
7.543,0.3342994019900681,0.2956742307096445
7.544,0.3335663294462505,0.30032874817969746
7.545,0.33305201696699566,0.3153467454172131
7.546,0.33143329919087045,0.33762331102678467
7.547,0.329154547957943,0.3356659183380358
7.548,0.32517332660858606,0.3212009992914772
7.549,0.3238057643383943,0.31647565355858165
7.55,0.32257141396051375,0.31189511894596944
7.551,0.32147292963715557,0.30708304807418074
7.552,0.3193465327447547,0.30636123455369185
7.553,0.31945713637887413,0.3101298481082112
7.554,0.3196235318914386,0.31358048915384107
7.555,0.3200646681974228,0.3107034951332893
7.556,0.3200321633757856,0.30566436988285856
7.557,0.318759082693559,0.30132602428263333
7.558,0.3187903399267,0.3001897222036186
7.559,0.3199423618052531,0.29673494599417416
7.56,0.32193530798433206,0.2840680354569838
7.561,0.3260786358945899,0.27424406609758667
7.562,0.32996157586771574,0.2775533817556843
7.563,0.33343762020166867,0.28674196694946336
7.564,0.3367996541515164,0.29432952960133196
7.565,0.3400455792961868,0.3048529892917814
7.566,0.34294888484055636,0.3152853428505492
7.567,0.3461121558067943,0.32782464954245594
7.568,0.3480502218463433,0.33850932793940125
7.569,0.3499041757951114,0.34998798078215276
7.57,0.3499717088517651,0.35422695393166265
7.571,0.3495984046194341,0.356265215595047
7.572,0.34864096990636934,0.3554714413031189
7.573,0.3487357549432623,0.36172185940042556
7.574,0.3490861756983919,0.3630926997718615
7.575,0.3492929067541177,0.3610270520065969
7.576,0.34913970184765625,0.35919455547466717
7.577,0.349051739725525,0.35715158981276174
7.578,0.3488280019450393,0.3546921554519905
7.579,0.3489984181212826,0.35284460901017384
7.58,0.34887474611035035,0.35806978146715496
7.581,0.34785121334093355,0.3498522576207973
7.582,0.34659332857556563,0.33630124440236475
7.583,0.3452996735033979,0.32679372110057736
7.584,0.3436284364075515,0.32413630247971204
7.585,0.3427667887382306,0.32648252199179073
7.586,0.343317608636668,0.31965076614614224
7.587,0.34535559580376646,0.34047353039062334
7.588,0.35198492549574656,0.34057168267781124
7.589,0.3558642540143589,0.346041071061306
7.59,0.3575149505907232,0.3416676538986949
7.591,0.35849656729328494,0.3365463720432108
7.592,0.3597775833995156,0.34762024613611686
7.593,0.3604574243891961,0.3483625990585011
7.594,0.36035339503578667,0.33033739864776435
7.595,0.35995884877843065,0.33004663756768515
7.596,0.3590566814020321,0.33076319906590856
7.597,0.3575543708200839,0.3406261379818212
7.598,0.3560536897660978,0.35157733081526643
7.599,0.3548181595883164,0.3560644894164652
7.6,0.35385189572180104,0.35349173535641043
7.601,0.3539426970651569,0.3504703451137591
7.602,0.3553931059502022,0.34643710039974857
7.603,0.35743457460592776,0.34142039618937986
7.604,0.35979360086573475,0.3364325950717182
7.605,0.36169309611371164,0.33151814787173667
7.606,0.36274660723794755,0.32783543725029035
7.607,0.3633336246759927,0.32440616436042624
7.608,0.36316676770567113,0.33163202682952037
7.609,0.36245987677736163,0.3365516433875149
7.61,0.3620041712498527,0.3402830069610988
7.611,0.36212745147070996,0.3448414300653136
7.612,0.36165747231974105,0.360232048920191
7.613,0.36082298235774174,0.3635866546038644
7.614,0.3595857086184071,0.3522345950603947
7.615,0.3582655619239228,0.33104337455872873
7.616,0.35652735253523193,0.3227444908678856
7.617,0.35491108486941486,0.32466703830949073
7.618,0.3535448536833629,0.3285636722567678
7.619,0.3514997903354866,0.30994662864475886
7.62,0.35013556813484553,0.3071329991226811
7.621,0.34964330748772626,0.3127051282283684
7.622,0.3497712973406369,0.3179382108588251
7.623,0.35150071846225456,0.32377750227260793
7.624,0.3527026387504862,0.32370580625300305
7.625,0.3539185412660972,0.32181947925002397
7.626,0.3545291421062125,0.33033604444125253
7.627,0.35480816137761373,0.3327599564030852
7.628,0.3538890955057266,0.3284125754523912
7.629,0.3536504193106067,0.3316088638186407
7.63,0.3525828690287722,0.34016255648412136
7.631,0.3505705177897768,0.33986523779254174
7.632,0.3490916835073665,0.3385245979626039
7.633,0.3482314323911035,0.3342469941866353
7.634,0.3475288089969317,0.3255391523984424
7.635,0.34718835787149654,0.31884590703660953
7.636,0.3474691485149765,0.31748393994757673
7.637,0.3485316209275986,0.3264953866106618
7.638,0.3497879476486887,0.3303956824924243
7.639,0.35147596672115666,0.33407646977105776
7.64,0.35281219809179193,0.33254130179463404
7.641,0.3555438535334772,0.3270064528050684
7.642,0.3593998053103081,0.32905636795068105
7.643,0.36179794930374665,0.331852136156498
7.644,0.36410068560023384,0.3354826097400736
7.645,0.3668467251875615,0.340211506889038
7.646,0.3705749781302495,0.3442769874907815
7.647,0.3746464245160239,0.35043115640035394
7.648,0.37897555953078976,0.35535502202400476
7.649,0.38326605432776506,0.3572287557163889
7.65,0.3876006924637436,0.3608962326091205
7.651,0.39219947707664127,0.3669112487882453
7.652,0.3956044284369462,0.37259455473079206
7.653,0.39900133734217663,0.38253847304366767
7.654,0.40111349153768927,0.39399806616080724
7.655,0.40258100740084607,0.4006374536607878
7.656,0.4038458775241574,0.4061237596584949
7.657,0.4044229724239405,0.4098301145424205
7.658,0.4045030462780789,0.4094157895491013
7.659,0.40455664624377086,0.40922168263350633
7.66,0.4039198467392564,0.4112139332531849
7.661,0.4029369917211995,0.4134815569664767
7.662,0.4012782669257209,0.415362309281183
7.663,0.4002096045018519,0.4107023361933205
7.664,0.40054902066780773,0.4063929665228764
7.665,0.40019050884853397,0.4068612306049545
7.666,0.39975854554201606,0.4218774437490338
7.667,0.39813583006548675,0.4079636039328456
7.668,0.395849030632317,0.4250848717994723
7.669,0.39304494483090685,0.43753732071370866
7.67,0.390654953636376,0.4409405767842818
7.671,0.3877134326945048,0.4434424066048609
7.672,0.3842060825072289,0.44496087858781536
7.673,0.3801191605850138,0.43433425768096756
7.674,0.37717377873170804,0.4211836589272356
7.675,0.37447690843041953,0.4042394017393534
7.676,0.3736335901595445,0.3939637650836616
7.677,0.3747537899434707,0.3881003624609705
7.678,0.37742579246557234,0.38563163547240115
7.679,0.38029104285156395,0.3818306135382359
7.68,0.382609424715644,0.3730464924661103
7.681,0.38386188788718817,0.37073447221657485
7.682,0.38544818349225024,0.37048845487080295
7.683,0.38660671784541717,0.3649200085907427
7.684,0.38676852661846856,0.3587228121960565
7.685,0.3856514389649261,0.3517936606429385
7.686,0.3836266030243575,0.33926557746057
7.687,0.3802636177545102,0.334268198018148
7.688,0.37652257012304474,0.33161658072441136
7.689,0.37327113469158185,0.32975848753504367
7.69,0.3693647535859777,0.33292018599209416
7.691,0.36464445915834826,0.3377694091063437
7.692,0.3606809180116091,0.3412001274430778
7.693,0.3571786329917168,0.3427590410594603
7.694,0.35486182758702123,0.34167322359575064
7.695,0.35415220184081914,0.33925586857685597
7.696,0.354674744778743,0.33305130362585256
7.697,0.35566253628585875,0.32989941462693706
7.698,0.35613479903389517,0.32944174902527973
7.699,0.3561464664567007,0.33020923432066884
7.7,0.356000861948416,0.33650569899345395
7.701,0.3600240677787602,0.33849966744841253
7.702,0.36601460863145924,0.3474629400879357
7.703,0.37204257199139995,0.3549813673378802
7.704,0.3781604742531262,0.36206352029779254
7.705,0.38370455665454944,0.38321595289374505
7.706,0.3885370903405301,0.39443485913505016
7.707,0.39394586732268183,0.39326928393165284
7.708,0.3973068710709067,0.392685206639244
7.709,0.39979178997457016,0.3928597029056447
7.71,0.4014899583622192,0.3979897053583735
7.711,0.40205307167915433,0.40290696753753164
7.712,0.4016901848858765,0.4032077917841576
7.713,0.40112179853229096,0.3940112201597214
7.714,0.3996228674353129,0.3824223969803634
7.715,0.3968372028948674,0.3706744851185027
7.716,0.39413650021517155,0.3562563514926981
7.717,0.39184073675130787,0.3531799498390602
7.718,0.3892002868173769,0.3527676668146854
7.719,0.3867863983349195,0.35203975417530287
7.72,0.385988163811698,0.3495054355698712
7.721,0.38645482528265934,0.3446275261297892
7.722,0.3863975648881288,0.34427222178133965
7.723,0.3859211370714369,0.3465395051402451
7.724,0.3874523545946356,0.35419573854467
7.725,0.38869727336449317,0.36528611775500275
7.726,0.38945796447790615,0.36437190137730946
7.727,0.3908016926391917,0.363597122439277
7.728,0.3916865541201276,0.36295507653657333
7.729,0.3930984456076089,0.3624807605774978
7.73,0.3944883530349974,0.3619572160638338
7.731,0.39652466027028105,0.3611582643114587
7.732,0.39864062758330804,0.36259692075270444
7.733,0.3997855029706241,0.3729219769498109
7.734,0.39991875379363767,0.38922663957182646
7.735,0.3997098257524998,0.3791553520573864
7.736,0.39897398638505877,0.3691060263711443
7.737,0.3978737321327481,0.3638829986346157
7.738,0.39642621632128666,0.3578453064780589
7.739,0.39491148849150126,0.35852015537532866
7.74,0.3938754944528458,0.36045209512844717
7.741,0.39227660358117417,0.36133443237283824
7.742,0.39037582234849905,0.35989486964731154
7.743,0.38831731967151867,0.35475802139447005
7.744,0.38675380036471907,0.3513732804202905
7.745,0.38498208969255376,0.3623718519732165
7.746,0.38359979143174144,0.36487266550243275
7.747,0.3813997972121053,0.36412414410833766
7.748,0.3787029522159709,0.3627882363286483
7.749,0.3775975232901916,0.3522107953931426
7.75,0.37728728724318755,0.34203524820856157
7.751,0.3764716321979728,0.340111670794757
7.752,0.37496097132719264,0.34910197624040423
7.753,0.3727144845550236,0.3613822591869156
7.754,0.3689849007579602,0.3552815003120705
7.755,0.36481882144331396,0.3499452682517813
7.756,0.3616010236765572,0.3452964374218398
7.757,0.3577439202970154,0.3498600291902202
7.758,0.35462274023983853,0.34928300883613816
7.759,0.3503386590405197,0.35236903612528925
7.76,0.3468795976017818,0.3512729703751304
7.761,0.34430285372068853,0.34129515151048606
7.762,0.3411563310422598,0.3272503231035502
7.763,0.33732225811522354,0.3152010305050218
7.764,0.3332579401795534,0.3043229060047056
7.765,0.33068745957179263,0.31645653788619255
7.766,0.3284924809245481,0.3184494659173279
7.767,0.32748694209236234,0.3174562450293118
7.768,0.32718666582083694,0.3226318642360936
7.769,0.3264245809160917,0.32535160930403445
7.77,0.32618331037672094,0.325961965901766
7.771,0.3261783874107102,0.31675539881996817
7.772,0.3273074452225933,0.3226149116316822
7.773,0.32928118901507125,0.3410053076954687
7.774,0.33045534834891604,0.3382808644433092
7.775,0.3313204978118434,0.33270316958870777
7.776,0.33241364369812104,0.3237634851950584
7.777,0.33315729257911564,0.3143611038887597
7.778,0.33329765061036226,0.3033146902412792
7.779,0.33147390878246236,0.28769671811196373
7.78,0.32960454286482405,0.29165863655068514
7.781,0.3276499963977538,0.30192689935189687
7.782,0.3255887020374824,0.309598357991404
7.783,0.32413466986737144,0.31214319675220714
7.784,0.3226249612961849,0.30683109625228955
7.785,0.32125075579690576,0.3011598850746818
7.786,0.32015721218824605,0.29862624203428323
7.787,0.319538509705985,0.29852190895105857
7.788,0.31934183439548774,0.2987527871405712
7.789,0.31981410930791865,0.30012427493848065
7.79,0.32120513828101055,0.3034039126746234
7.791,0.3217464148991686,0.3089244556140242
7.792,0.3209696047974378,0.31465882715419863
7.793,0.31879695726077756,0.31712833025075315
7.794,0.31455139008531535,0.3159173257911959
7.795,0.3109967771632805,0.28943666368912446
7.796,0.30790212985283966,0.28228293912263624
7.797,0.3044582978318817,0.27672517291592025
7.798,0.30114225870797595,0.2813833942454572
7.799,0.29904755857978554,0.2783795591199215
7.8,0.29815293600117904,0.2783817166448965
7.801,0.2964139068651765,0.27230036108873945
7.802,0.29223884142653145,0.27634931735292406
7.803,0.2873862805241948,0.2765257800853325
7.804,0.28264258856059377,0.27299282001872693
7.805,0.2791496527860757,0.27440585118283267
7.806,0.27903468117866853,0.27420969620047164
7.807,0.2800646063185562,0.2754447792374626
7.808,0.2826604412882317,0.2776638834789503
7.809,0.2848237597070419,0.2802245632751278
7.81,0.2865923164745498,0.28313514418432717
7.811,0.29029157162757446,0.28049112116138264
7.812,0.29435304242405624,0.28165198101107947
7.813,0.2982846298342617,0.28032836060501043
7.814,0.302396534801749,0.2857029250018216
7.815,0.3072808689448521,0.2809949784735817
7.816,0.31197291210267236,0.2877158023542802
7.817,0.3161226562211719,0.2851014326077904
7.818,0.3203254963518281,0.3003343770287187
7.819,0.32445193924633153,0.3134236326959995
7.82,0.3286938583306817,0.31177633739763455
7.821,0.3319060985528857,0.3051296560724614
7.822,0.3348259934229316,0.30145966731411
7.823,0.33580256408497783,0.3001800277471449
7.824,0.33588361503174324,0.30100646916908047
7.825,0.3355798258872745,0.30247867192017763
7.826,0.3363801936142364,0.3209977196237247
7.827,0.3361862699393061,0.3324058326874503
7.828,0.3357910083872819,0.33961382573846377
7.829,0.33637555223046767,0.34459095772526926
7.83,0.33743020856494743,0.34260862611295373
7.831,0.33872721784740506,0.33844452887294385
7.832,0.3381515624910955,0.3317218496394443
7.833,0.33635888091524496,0.32869431221063233
7.834,0.33466357901877375,0.32394100493227307
7.835,0.3333068652414088,0.3179137426937171
7.836,0.33187396353037,0.3149804653734533
7.837,0.330987905547143,0.319361043871366
7.838,0.3291249426527264,0.3187905621014566
7.839,0.3256334750442335,0.3199120166402689
7.84,0.3212596168821478,0.3216414802293015
7.841,0.31494542802113895,0.30600027154984033
7.842,0.3107976836037503,0.305453340056123
7.843,0.30787433320663105,0.29976414590398726
7.844,0.30499255863186475,0.2897184554686507
7.845,0.3011778227255608,0.29173963588842766
7.846,0.29834682076847263,0.2962565871884198
7.847,0.2959614838971016,0.295045127220083
7.848,0.29483299649905853,0.2974540492624917
7.849,0.29370701552778,0.29980609251887336
7.85,0.29247101651545343,0.29853218241516344
7.851,0.29191598232206095,0.2956191050991992
7.852,0.2929669578486537,0.2856590214091258
7.853,0.29520099848913933,0.2794112199798559
7.854,0.29737383486247193,0.26671599536498247
7.855,0.2985580546041367,0.27282942249025893
7.856,0.2999493207035651,0.2764237354213212
7.857,0.301487164478111,0.2881051349363928
7.858,0.30423517126703203,0.2966019014691046
7.859,0.30774298216860824,0.30332647347906044
7.86,0.3128585112608416,0.2981661237816198
7.861,0.31627504450170313,0.3043255703145564
7.862,0.31814878616918835,0.2870206267736505
7.863,0.3207594062065647,0.2841191496201784
7.864,0.32254999897955394,0.28706843409696814
7.865,0.3237549727546066,0.2902051019818188
7.866,0.3240452769145805,0.2797869565731082
7.867,0.32523813336036,0.2722438221871363
7.868,0.3266789191119754,0.27313843259010445
7.869,0.3281187916565271,0.2757478322186249
7.87,0.3295733164411497,0.2780812491916935
7.871,0.3316353772904998,0.29015423983701943
7.872,0.33346829925418864,0.30356119159283734
7.873,0.3359092523419618,0.317102823336213
7.874,0.33922310873420436,0.33436618223465786
7.875,0.34311529706196775,0.34454086490466473
7.876,0.34767539603696557,0.35492014921693005
7.877,0.3506280226024477,0.3602825825844689
7.878,0.3529346414052341,0.3556052678503046
7.879,0.3553290947209102,0.35527775910135573
7.88,0.3587816256210597,0.35167934651739696
7.881,0.3616279886988492,0.3391015378602117
7.882,0.3641032489350937,0.33429478439209365
7.883,0.3661330369660148,0.34937351736787847
7.884,0.36772694067981027,0.3586452131968892
7.885,0.3685069524736499,0.35890449333235863
7.886,0.3678088875969799,0.3587020358438897
7.887,0.3667101878620771,0.3646244521533055
7.888,0.3651237392169772,0.36576616383766825
7.889,0.36322859388078127,0.3585732542042138
7.89,0.3608256387311979,0.3666506733011313
7.891,0.358409597968728,0.3736888242461385
7.892,0.3558596614563032,0.37983096937719657
7.893,0.3531265649438273,0.38289395814902555
7.894,0.3509202947635535,0.3760393225937508
7.895,0.348432166139968,0.36552071518300616
7.896,0.3458781778839064,0.345754709632477
7.897,0.3440149156216232,0.3332421996613383
7.898,0.3431560648604552,0.3329825821029492
7.899,0.34141249262798684,0.3446164512241021
7.9,0.3386263729460089,0.3433737806908132
7.901,0.3363239649888161,0.3369285716431749
7.902,0.3373353827237102,0.3293273919771804
7.903,0.33666531130335026,0.3245727767874247
7.904,0.33673373507362175,0.3215549036742499
7.905,0.3366933966184075,0.31906016645667656
7.906,0.33615273276146734,0.3159238740067231
7.907,0.3363290536648213,0.30866037048897443
7.908,0.3355943093877889,0.30461986445252126
7.909,0.3348270452838082,0.30324783928428356
7.91,0.3337772772264647,0.3125309410265471
7.911,0.33158688940193,0.3193048611234812
7.912,0.32889969068049424,0.3219294633955246
7.913,0.3278315053841347,0.31698331966045085
7.914,0.3278930765382973,0.3083645703404105
7.915,0.328914107615573,0.30946626764451446
7.916,0.32964149601333276,0.3044046242870909
7.917,0.3305741897897282,0.2998564534764222
7.918,0.3312896993681359,0.29355451924695464
7.919,0.33184485873058706,0.2999612382554977
7.92,0.3327739821394626,0.31031583312533745
7.921,0.3332273361727562,0.31932719252370156
7.922,0.3326174541342947,0.32006597585625157
7.923,0.3322094169852279,0.32457664458309743
7.924,0.3314561602225605,0.32757585228771935
7.925,0.33086160669342013,0.32862651431228057
7.926,0.32989198942078807,0.32736257083918296
7.927,0.32766305918114524,0.3323087119036703
7.928,0.32537242242138,0.3261789607937806
7.929,0.32662615386340876,0.32702568530317944
7.93,0.3296089603293331,0.32123237288649076
7.931,0.3319947689545068,0.31520372235310945
7.932,0.3340479669143755,0.3130495808802536
7.933,0.33619146314951087,0.31622853159059394
7.934,0.335824806716432,0.3177711557110833
7.935,0.33514221587063847,0.31703017426398783
7.936,0.3345222970293998,0.32019078845650534
7.937,0.33439306339774305,0.3288816605693057
7.938,0.3351169601887151,0.33774915632578817
7.939,0.3364241598758426,0.34803536504984534
7.94,0.3375262315800378,0.3325135271270909
7.941,0.33878064281369014,0.33261727061223645
7.942,0.33970644009182327,0.3339478381793286
7.943,0.340377381544064,0.3334936794533794
7.944,0.3411830104301546,0.341608421247661
7.945,0.3417533090845782,0.3522191496944718
7.946,0.34271180427388925,0.3557506684347264
7.947,0.34384786740262707,0.36355753899045334
7.948,0.3445411372772687,0.3655875624117806
7.949,0.34474341917299706,0.35875741456110277
7.95,0.34646484280705653,0.3528957135504685
7.951,0.34782710098365066,0.36230081193740526
7.952,0.3499956641058084,0.3540660297669397
7.953,0.3520516276079399,0.34512272368189484
7.954,0.35354780902346206,0.3440346881432302
7.955,0.3536473508907582,0.3409994887428108
7.956,0.3522507350742912,0.336984526344474
7.957,0.3502917621415817,0.33828661951111083
7.958,0.3479579608611108,0.3403342152343341
7.959,0.3449670576023913,0.32877891843052315
7.96,0.3426069540278238,0.32105160104265895
7.961,0.3398561236062511,0.3086262114069669
7.962,0.33905245148542534,0.3142427875058208
7.963,0.33841241247106796,0.32033205318557334
7.964,0.33762830744345046,0.3254204085916602
7.965,0.3372037165783755,0.3326976411807724
7.966,0.3368282082639013,0.34019747720865434
7.967,0.33780705520520793,0.34467454249656115
7.968,0.33960951408333145,0.3380065007164763
7.969,0.3413333662807269,0.3314719433658898
7.97,0.3403594350835422,0.32530452769638973
7.971,0.334812986601461,0.2965684448398461
7.972,0.3290225877291939,0.29967393832455713
7.973,0.32550977475659193,0.3018734058989972
7.974,0.32221770476983563,0.30636146676386233
7.975,0.32056925887746573,0.30634201959767227
7.976,0.3193058069579617,0.28447164565728766
7.977,0.31851244318418226,0.27195450986104847
7.978,0.31935257392838773,0.2729882339617613
7.979,0.32102403403695207,0.2814162081966974
7.98,0.32355874166032766,0.2880404341329622
7.981,0.3269040612068093,0.2868573665946135
7.982,0.3302775940945884,0.28532154822177747
7.983,0.3332097808224569,0.29075444112511173
7.984,0.3366726717440902,0.30959707864940716
7.985,0.34077712010785727,0.3277399427504261
7.986,0.3440951726153225,0.31946121596297405
7.987,0.3455161821245171,0.3115357842014962
7.988,0.3461873045782196,0.3032675699350767
7.989,0.34548412913709076,0.2949373294663718
7.99,0.34426437748443445,0.29272771119432284
7.991,0.3433800126272051,0.2812200832277573
7.992,0.34232725427940114,0.2690447587555841
7.993,0.3408776766279967,0.2578331237771989
7.994,0.33942925180471545,0.24760335321320187
7.995,0.33819453052683496,0.2533358183849521
7.996,0.3367622332104914,0.2615183392331518
7.997,0.33460108276986184,0.2720123373733869
7.998,0.3341295200108068,0.29113808278270303
7.999,0.3344802524236941,0.3147929772411714
8.0,0.3360246074308857,0.320567868251698
8.001,0.3389289468561268,0.31541502075401967
8.002,0.34195251429487766,0.31542067291604986
8.003,0.3441636528561732,0.3139314007545081
8.004,0.3449190921533725,0.3102591325057896
8.005,0.3446783438202159,0.31370179861788183
8.006,0.34356316255601743,0.3171136561782838
8.007,0.34263621820363604,0.3134372427238865
8.008,0.34182743534359866,0.3164558379222618
8.009,0.34065920976978625,0.3237264846967435
8.01,0.33890749889400823,0.3278445303921237
8.011,0.33813477080428317,0.3170254866602427
8.012,0.33820326152767616,0.31772942544596194
8.013,0.3394840533708042,0.3097672458313492
8.014,0.34193879529044247,0.3027913845028878
8.015,0.3443362689886786,0.2967976213844006
8.016,0.34628698350842724,0.2913599056927054
8.017,0.3489518712573805,0.2871660475167078
8.018,0.3499775907456361,0.28229213113363893
8.019,0.35045732353370523,0.2750069175034421
8.02,0.3514153475962691,0.2843517243773853
8.021,0.35245283129033084,0.28429234993655617
8.022,0.35486641821909193,0.29182753845926557
8.023,0.35572094915087477,0.30088826159336324
8.024,0.35538985116454797,0.31067184265370706
8.025,0.3528960514382666,0.3076227916657408
8.026,0.3512889844664009,0.3129234443227135
8.027,0.348272007702459,0.3120686535552906
8.028,0.34389553885719404,0.3119095361630979
8.029,0.33899750406209056,0.3088830850033205
8.03,0.3361599619417557,0.3044772646398786
8.031,0.33511551249215965,0.2960092276478251
8.032,0.3367135928456025,0.286837479322113
8.033,0.3373553418060086,0.2815563928927732
8.034,0.3383023639978138,0.2744081475379711
8.035,0.3389266298313605,0.27419413022727646
8.036,0.33873168431968886,0.2791239046728331
8.037,0.33797709078454435,0.2975651949870325
8.038,0.3373224004334412,0.3140554870252225
8.039,0.33849990327338975,0.3229711155564001
8.04,0.34035043780619306,0.32699016246756574
8.041,0.34457854247410125,0.3270084156218071
8.042,0.3477521643052168,0.3435881640817723
8.043,0.34869584659070735,0.3570552776229087
8.044,0.348781899318529,0.3716098109087407
8.045,0.34828717757868627,0.3757972579995307
8.046,0.34708361246253316,0.3718249596673256
8.047,0.3478502898277937,0.37312561972469693
8.048,0.3495659667512229,0.3690103998497483
8.049,0.3512703677296223,0.3657367225852418
8.05,0.3536235446151362,0.362283540142797
8.051,0.3575316148560024,0.35996507298571456
8.052,0.3634823863997008,0.36075201063466655
8.053,0.36817749584761544,0.3600652756421983
8.054,0.37190313990451423,0.35282744888068907
8.055,0.37649650478487207,0.35792392759367303
8.056,0.3814379064375533,0.3621674408052462
8.057,0.38671111640181893,0.3611546001444895
8.058,0.3914844064703644,0.3632752206223971
8.059,0.3946996005830872,0.3778790203734705
8.06,0.3948506527806707,0.3922415911122467
8.061,0.3968108058246242,0.4036128986545012
8.062,0.3978515232940289,0.40047284765270985
8.063,0.39932138288892166,0.4040383910789733
8.064,0.4011351193848005,0.42514421368012645
8.065,0.4027805098550717,0.43767594359752693
8.066,0.4036071982984923,0.4364705009500921
8.067,0.4036800492876329,0.43281883196003096
8.068,0.403463384608717,0.4320505305405772
8.069,0.4037560359000407,0.4320289668222418
8.07,0.40483116885358167,0.43724168151750464
8.071,0.405743979856372,0.4497543989870809
8.072,0.4081984345303263,0.4575931433335765
8.073,0.41036688400837024,0.4623493098651461
8.074,0.41168508727213243,0.46558507734351384
8.075,0.4131823088644399,0.46723031679632016
8.076,0.4146161038131038,0.4566768895968739
8.077,0.4170498561607244,0.45520750967257584
8.078,0.41984552243271794,0.45141235990321155
8.079,0.4229810193793337,0.4441453172171981
8.08,0.4269371019019755,0.4346483591743415
8.081,0.4288269114606847,0.4223178947229762
8.082,0.42976386480942336,0.4069552622562259
8.083,0.42972023144236604,0.394549237909256
8.084,0.42881252046338836,0.39173019424466815
8.085,0.4267118530603244,0.38731296113929015
8.086,0.42249649077464585,0.38448459705355026
8.087,0.4203829011565914,0.3850818016787404
8.088,0.41696483997469586,0.3918206805284776
8.089,0.4187117527770042,0.3926817869291799
8.09,0.4223090607913044,0.38878429627110234
8.091,0.4240897502764404,0.379774081720615
8.092,0.4239103653191178,0.36369945161775064
8.093,0.4224907954078785,0.3508105287771238
8.094,0.41931296600952206,0.35244997132262934
8.095,0.4144159466439606,0.3510346907710446
8.096,0.41017728850826657,0.34211162423875563
8.097,0.4064874545694708,0.33507757592059106
8.098,0.4033272169707774,0.33227923615907823
8.099,0.39854614681189887,0.33817714925330344
8.1,0.3932513929514116,0.33260488590409265
8.101,0.38773290565767743,0.32793668997419434
8.102,0.3820016112328448,0.33131193096989714
8.103,0.37657013368187625,0.33378288225221475
8.104,0.37274320039249376,0.33560552178841413
8.105,0.37022331784872503,0.3362521937993851
8.106,0.3690609416627333,0.3366068851766144
8.107,0.36865996443569204,0.3373688401958771
8.108,0.3688957382696971,0.33963079846674277
8.109,0.3711820965037702,0.3455458724101765
8.11,0.37436218374449987,0.3516381170384337
8.111,0.3775712824136257,0.36004400552931526
8.112,0.380544333989655,0.3630272805862791
8.113,0.3838472078918926,0.3631617238696401
8.114,0.388397684580346,0.3634256929705598
8.115,0.3917435010260208,0.3610250947059318
8.116,0.3940223407660463,0.3636128069549054
8.117,0.39615736208114133,0.36957243154524355
8.118,0.39885302367665676,0.38172062406247154
8.119,0.4008864241422909,0.3996231893867569
8.12,0.4039319366656067,0.41089115936652204
8.121,0.4076559052880266,0.4202078256546563
8.122,0.4110726191476566,0.4359789637161311
8.123,0.41531118653835675,0.4472112067919379
8.124,0.4186228993551698,0.45079777697004275
8.125,0.42020234123541417,0.45997659151027126
8.126,0.4211832169397027,0.4722116413818987
8.127,0.42107067313342744,0.463362707768646
8.128,0.4184984242853427,0.44776871844552224
8.129,0.415040800616916,0.4336488052645924
8.13,0.4110092285046125,0.4200783752664842
8.131,0.40748612511422855,0.4110582677287366
8.132,0.4034571454012182,0.40559618899717825
8.133,0.3998433640850512,0.39791564798018614
8.134,0.39745488474172985,0.3917640133402211
8.135,0.3966398738461276,0.3852724849765856
8.136,0.3961238150248099,0.3783117519666545
8.137,0.3943929201986036,0.3798678251220169
8.138,0.3919164510847677,0.3796143584814676
8.139,0.39035756659304993,0.38959055231501716
8.14,0.38859250707722653,0.3989165831312791
8.141,0.3864146540717512,0.39280046128337875
8.142,0.38508917373022605,0.40159154306545874
8.143,0.3822801288147443,0.4028596255413188
8.144,0.37920308079745463,0.4015883955469334
8.145,0.3755586188246168,0.39978026239662
8.146,0.371067621814404,0.39725403661049713
8.147,0.36569280849159475,0.38933287493051594
8.148,0.3595502157522181,0.37463797201910976
8.149,0.3528143309005087,0.3570148604560657
8.15,0.34560088084775203,0.3351583084547719
8.151,0.3380526490343954,0.320782508995778
8.152,0.330051064197103,0.314828260654512
8.153,0.32133273685783187,0.29882273732623876
8.154,0.31423074796278333,0.2883791777956436
8.155,0.3084970165780001,0.27820599157414616
8.156,0.305673274862245,0.2584253914495487
8.157,0.3053689725041619,0.2560663756050441
8.158,0.30476311093909286,0.2527642371823241
8.159,0.3042016949397923,0.25773415228982127
8.16,0.30459770578788903,0.26331794150203164
8.161,0.304923513240617,0.2649008478709951
8.162,0.303349726592469,0.2671772073963431
8.163,0.30201111032492306,0.26613284295430945
8.164,0.3013592049984611,0.26336247783805034
8.165,0.3014349783496581,0.2749160839328231
8.166,0.3020541743373173,0.27825903817692865
8.167,0.3046424805956646,0.2638346025432462
8.168,0.3078796271342503,0.2692451790367886
8.169,0.31166778921716154,0.28526842352361625
8.17,0.315350820290021,0.2916444550115359
8.171,0.3186749380796947,0.2908345001046512
8.172,0.321787494264251,0.28993593794277717
8.173,0.32280665156574834,0.28401139809996445
8.174,0.32588163671250797,0.28146692089353764
8.175,0.32860184826604166,0.2787963527234721
8.176,0.33337678604353344,0.2815362244245429
8.177,0.33790663932458104,0.28925585413946386
8.178,0.34189857857145034,0.2990760691811416
8.179,0.34603291420474097,0.31195955101053274
8.18,0.3503666570794395,0.32314227568579457
8.181,0.3541294182814867,0.3394126121236075
8.182,0.3567535239591771,0.3493819844571532
8.183,0.3591815375735961,0.3540676381624904
8.184,0.36176136895188954,0.36462883614186936
8.185,0.36298059265052585,0.374200952983737
8.186,0.36304688070613045,0.3764120157545039
8.187,0.36208318894531555,0.38637132659592965
8.188,0.36050301572141846,0.39671528628619257
8.189,0.35831300282141076,0.40391478704451106
8.19,0.3558871042477545,0.40671548470532504
8.191,0.3549472053376819,0.40544046838222136
8.192,0.3559505516173691,0.40796965948638186
8.193,0.35863033129634553,0.40722945064054067
8.194,0.3600245630682415,0.40236971904928054
8.195,0.36023367164083014,0.39766206922891245
8.196,0.3609451041202789,0.3912761915729664
8.197,0.36155806410973995,0.3824485057393451
8.198,0.36266108320009266,0.3766515887153597
8.199,0.3639627734993653,0.36778819649952543
8.2,0.3651920352932574,0.36291597532256326
8.201,0.3664133184441112,0.35848182435209436
8.202,0.36794394863032953,0.36053249028008294
8.203,0.36951370966614633,0.3723922415533556
8.204,0.3708473624436687,0.38289041518724665
8.205,0.3714570838805272,0.38157851833667933
8.206,0.37076077211417796,0.38039231718429484
8.207,0.3695491919457729,0.37994869021552574
8.208,0.3695589293786055,0.3857082168238569
8.209,0.3708538958752212,0.39318629130454746
8.21,0.36861987333237733,0.3962155450409502
8.211,0.3657098740882431,0.39346726466509696
8.212,0.36292138615066993,0.3866227706371867
8.213,0.3601965498956308,0.3820725678927506
8.214,0.3573192624414136,0.37129703075267645
8.215,0.35406392006146664,0.3590391135710651
8.216,0.35078068851354843,0.3481036781122608
8.217,0.34732974049256876,0.3392297844299923
8.218,0.3440296662462144,0.3342812829826345
8.219,0.34128994327317597,0.33742609209886326
8.22,0.3389330895432157,0.32253656174240963
8.221,0.33657127886151916,0.320449265209714
8.222,0.33403239277819297,0.3096074142895444
8.223,0.3312970763687429,0.29517247303187444
8.224,0.3272355392031064,0.28650740440884537
8.225,0.3233997075386929,0.28423481142541773
8.226,0.31982186775039767,0.282807072765307
8.227,0.3167872588555473,0.2831318554166682
8.228,0.31392111786483795,0.28846424280545185
8.229,0.3119614074668484,0.29607186129157936
8.23,0.31139480229885,0.30084577686659775
8.231,0.3142803169804763,0.3031655139170396
8.232,0.3212063081403767,0.3042846350354793
8.233,0.3260551448992732,0.3069228803136782
8.234,0.3291540500288384,0.3110128121421686
8.235,0.3314098237239217,0.3183131985760029
8.236,0.3327227635717887,0.32395609912924606
8.237,0.3337272472661295,0.3287796347935855
8.238,0.3347102086325024,0.3343640922031439
8.239,0.33548685964216984,0.3406295580708105
8.24,0.33672400807928193,0.34806529193032165
8.241,0.3389490128283296,0.3568062178308785
8.242,0.3411784620844347,0.3553591802210111
8.243,0.34297021228986146,0.3541870411992282
8.244,0.34305502265436955,0.35889201405576654
8.245,0.34315839213587124,0.35888016714540844
8.246,0.34185292679711954,0.35090755810481966
8.247,0.34099139045669613,0.34282851039086293
8.248,0.3400926653918764,0.3316201716586085
8.249,0.3386247808962691,0.3222990882221114
8.25,0.3361764433764229,0.31604306533543275
8.251,0.3324736472341115,0.30473896153013247
8.252,0.32979335827596484,0.3059949393328957
8.253,0.3276310950402654,0.3164606634558462
8.254,0.32607844340436254,0.3191765273291237
8.255,0.32383537242775234,0.3117204776997312
8.256,0.3234576545384359,0.303994074891858
8.257,0.3233849798442773,0.2960850623555672
8.258,0.3224978988686026,0.2878866639625925
8.259,0.32263725243125,0.28856180215957195
8.26,0.325042797634558,0.313956520444461
8.261,0.3276083858069048,0.32895082963323685
8.262,0.32997471673817014,0.33685474332988424
8.263,0.3322465611504511,0.33811348244661305
8.264,0.3347711223666709,0.33872385348329737
8.265,0.3373064197398093,0.33925251219396135
8.266,0.34000084952770027,0.3403564788913932
8.267,0.3431095831412106,0.33243360730447935
8.268,0.34668260653963395,0.3283764866755509
8.269,0.3506179820686814,0.32899047304681633
8.27,0.35481418914913626,0.34439913885191425
8.271,0.35873853587770016,0.35942173741973205
8.272,0.3609091725310911,0.3714973124632155
8.273,0.3625681138282857,0.3754664641741561
8.274,0.3630689757606551,0.38063407083766154
8.275,0.3624147759889907,0.3778572503254365
8.276,0.36219897278952584,0.3781167791208021
8.277,0.36151965126679436,0.37409170402975717
8.278,0.3612090764772195,0.3758003648640396
8.279,0.3616868624027942,0.37191684243998663
8.28,0.3614675911247549,0.36814169570205935
8.281,0.36051106659824644,0.3643173586234633
8.282,0.3587664633087371,0.35677342440298504
8.283,0.3562468991054981,0.34163203226929695
8.284,0.35395553665563545,0.3356899609650675
8.285,0.35178666124339375,0.33254999763287385
8.286,0.34960647378769827,0.3303548030676792
8.287,0.347814172322599,0.3283406862567697
8.288,0.34595295952301414,0.32425877709214473
8.289,0.34559077381887016,0.32099104083939345
8.29,0.3454876546703158,0.32208709333729524
8.291,0.3465109013986197,0.33058040190044935
8.292,0.3482203008414562,0.3360540082706033
8.293,0.3491380393257641,0.3431305388670197
8.294,0.34947080148163856,0.3424551466525308
8.295,0.34972121881194496,0.3427935965574611
8.296,0.34930371664312765,0.3333562627831548
8.297,0.348530064582361,0.3231120344710171
8.298,0.34795084220223055,0.31537874972206775
8.299,0.3470266073349863,0.30876191333477654
8.3,0.3456546667216656,0.30623833529950006
8.301,0.343850761545563,0.30321704297581387
8.302,0.34203057278362053,0.3019831822272134
8.303,0.33984558048299046,0.30459861612081995
8.304,0.33843102205929027,0.3076030176621244
8.305,0.3373337467274566,0.3128376785976723
8.306,0.33680687628035066,0.3198776869414258
8.307,0.3369014273615893,0.32211874378459493
8.308,0.3369714383708402,0.3244835766917629
8.309,0.33833619798811315,0.33975963507698514
8.31,0.34050587006810806,0.34526581842867
8.311,0.34211018435028046,0.3323083164941689
8.312,0.34229974759582,0.3160882781973291
8.313,0.3427880198083854,0.2998433725502295
8.314,0.3433815657018071,0.28968495706994013
8.315,0.3439572685865266,0.29413622960458385
8.316,0.3445064221121652,0.30376938179941504
8.317,0.34381928496917574,0.30490840479651216
8.318,0.34280113278336427,0.31413906215478393
8.319,0.34043919165201136,0.3183238105391045
8.32,0.33755770189680884,0.32010344932078183
8.321,0.33517366498806905,0.3268461376879732
8.322,0.33229139295128135,0.33442956419571973
8.323,0.32860438848713086,0.3345411698506099
8.324,0.3238473474699546,0.3129693069995546
8.325,0.31943799825341196,0.30058139871591205
8.326,0.31665217415331187,0.3004730179228339
8.327,0.3137990796474078,0.30777827338415475
8.328,0.3144622895395827,0.30776274097759776
8.329,0.31573316887351166,0.3066180017553187
8.33,0.31826437033877136,0.30525219601481374
8.331,0.3201325566528807,0.30397470324538567
8.332,0.3202489744964548,0.3021278494512214
8.333,0.3189995985294542,0.2953307464831441
8.334,0.316294282501246,0.29184976456867456
8.335,0.31205982052218445,0.2839138747159865
8.336,0.3077923387116839,0.27993615097179336
8.337,0.3032042655427238,0.26943566329463386
8.338,0.3009134817725844,0.25862623667212137
8.339,0.30011490270903035,0.2534070378366457
8.34,0.2991442342081714,0.2631889784518665
8.341,0.29773124979337157,0.26474480295854597
8.342,0.2960259988420036,0.259454466476007
8.343,0.29461474806457005,0.2532174980389251
8.344,0.29365197617049016,0.25109749734610914
8.345,0.2918489438609157,0.2620608953995668
8.346,0.290500080462824,0.26709287581450303
8.347,0.28950039665918864,0.268638365577974
8.348,0.2884983356607207,0.2665898638320836
8.349,0.28763798771924237,0.26270893974003673
8.35,0.2860553236908192,0.2615960735784698
8.351,0.2838757313207371,0.2649136770227788
8.352,0.28192297718869436,0.2517956022580051
8.353,0.2826842843028619,0.23625665867019688
8.354,0.28440412727316766,0.24721766534452821
8.355,0.2845941324691142,0.26098980696971086
8.356,0.2836541614652949,0.2629731472491519
8.357,0.2837336360981652,0.2518244831041463
8.358,0.28476405916903796,0.23611629740288562
8.359,0.28606719070793274,0.23056308431017736
8.36,0.2876792940333968,0.22925418005617107
8.361,0.29039971965781197,0.2385907308855907
8.362,0.29462175425117454,0.25810164698634686
8.363,0.29578182790842844,0.26868647702774207
8.364,0.2954162885157201,0.2682574120665602
8.365,0.2934681661297636,0.2793305155756962
8.366,0.29239556207355977,0.28088413753342023
8.367,0.29205821850164554,0.278955416680918
8.368,0.29318756981120603,0.2854564189941875
8.369,0.29514714893189786,0.2904283418759625
8.37,0.29654056666377326,0.2943962096371874
8.371,0.29771512959600493,0.2984085945172106
8.372,0.29923854955764567,0.30195708834170576
8.373,0.3012164735575077,0.3063895793846619
8.374,0.3036162587786219,0.30922323164758825
8.375,0.3058225331673602,0.31127318447894026
8.376,0.3076735025589506,0.3099537633461734
8.377,0.3084662501892833,0.31759608370786463
8.378,0.3091998194872604,0.32046790814135295
8.379,0.3112799898097397,0.3158390241076002
8.38,0.3155814867190831,0.30695680708620643
8.381,0.3212848469037458,0.3085667443857609
8.382,0.32728109590547455,0.30908599101523554
8.383,0.33171246311973024,0.307052182000655
8.384,0.3353793252594281,0.3008339675987902
8.385,0.3378642617175774,0.29667374430686877
8.386,0.33959749903284675,0.30374974676363653
8.387,0.34057621439184343,0.31764963892448017
8.388,0.3396712980430065,0.3193753262530214
8.389,0.3372874150962164,0.31907118025645087
8.39,0.33381758132922373,0.3057405154553249
8.391,0.32956520917677007,0.29166224972056626
8.392,0.32679618126023946,0.286884693460137
8.393,0.3249816727668887,0.28290027926207095
8.394,0.32350765477026006,0.27949270393575876
8.395,0.3226695792805478,0.2775793186578425
8.396,0.3219439851027677,0.280079445139372
8.397,0.32075683055883336,0.28965264071069663
8.398,0.3188962239902457,0.30139052748881845
8.399,0.31864813290585225,0.3101553336113831
8.4,0.31928704399401314,0.3173541864430638
